"model_class","model","term","conf.low_boot","conf.high_boot","n_boot","n_boot_success"
"OLS","Mean loss | Ex-ante","(Intercept)",0.168109839189678,0.806635497716586,25000,25000
"OLS","Mean loss | Ex-ante","eps_stddev",0.0218611315619713,0.397064661993629,25000,25000
"OLS","Mean loss | Ex-ante","log_market_cap",-0.0304313414222764,-0.00306160753105865,25000,25000
"OLS","Mean loss | Ex-ante","analysts",-0.00154231599374971,0.00213685837524179,25000,25000
"OLS","Mean loss | Ex-ante","log_turnover",-0.000996408328717587,0.012849694748954,25000,25000
"OLS","Mean loss | Ex-ante","log_volatility_6m",-2.53977456839816,0.488487642764974,25000,25000
"OLS","Mean loss | Ex-ante","open_time_days",-0.00460529605107421,0.00343298093257286,25000,25000
"OLS","Mean loss | Ex-ante","post_first_market",-0.0289793928584096,0.0392804816038825,25000,25000
"OLS","Mean loss | Full","(Intercept)",-0.152254917912277,0.497489265868202,25000,25000
"OLS","Mean loss | Full","log_volume",-0.0543768287541522,0.0607899939673231,25000,25000
"OLS","Mean loss | Full","log_volume_per_analyst",-0.0330336893838089,0.070404508969965,25000,25000
"OLS","Mean loss | Full","eps_stddev",0.159711338200237,0.55931348230857,25000,25000
"OLS","Mean loss | Full","surprise",-0.407184770014467,-0.248400244110307,25000,25000
"OLS","Mean loss | Full","log_market_cap",-0.0235262151285052,0.00534162585977887,25000,25000
"OLS","Mean loss | Full","analysts",-0.00244400208633257,0.00389088132605275,25000,25000
"OLS","Mean loss | Full","log_turnover",-0.00166425853944294,0.0126968823642605,25000,25000
"OLS","Mean loss | Full","log_volatility_6m",-2.5268284081438,0.686025464065301,25000,25000
"OLS","Mean loss | Full","open_time_days",-0.00498740261119436,0.00275588796229988,25000,25000
"OLS","Mean loss | Full","post_first_market",-0.0300958801116608,0.0379295870450914,25000,25000
"OLS","Loss at 6h | Ex-ante","(Intercept)",0.167671053136214,0.85706739386109,25000,25000
"OLS","Loss at 6h | Ex-ante","eps_stddev",0.000459109987886153,0.4278346470771,25000,25000
"OLS","Loss at 6h | Ex-ante","log_market_cap",-0.0324336841965245,-0.00249348506146662,25000,25000
"OLS","Loss at 6h | Ex-ante","analysts",-0.00204401893477149,0.00198591291974833,25000,25000
"OLS","Loss at 6h | Ex-ante","log_turnover",-0.00224051378043929,0.0125351569910375,25000,25000
"OLS","Loss at 6h | Ex-ante","log_volatility_6m",-2.65730741115368,1.09558025025868,25000,25000
"OLS","Loss at 6h | Ex-ante","open_time_days",-0.00481791943321812,0.00398180339112278,25000,25000
"OLS","Loss at 6h | Ex-ante","post_first_market",-0.0383760766039637,0.0347755531871505,25000,25000
"OLS","Loss at 6h | Full","(Intercept)",-0.0900722801479381,0.628606028555104,25000,25000
"OLS","Loss at 6h | Full","log_volume",-0.0822826303002743,0.0499907473255233,25000,25000
"OLS","Loss at 6h | Full","log_volume_per_analyst",-0.0345460339605682,0.0814398158232116,25000,25000
"OLS","Loss at 6h | Full","eps_stddev",0.126897241567444,0.597810842204013,25000,25000
"OLS","Loss at 6h | Full","surprise",-0.3991498311869,-0.212060117304622,25000,25000
"OLS","Loss at 6h | Full","log_market_cap",-0.0238015687347314,0.00932414902297303,25000,25000
"OLS","Loss at 6h | Full","analysts",-0.0028937030119688,0.00416407321049977,25000,25000
"OLS","Loss at 6h | Full","log_turnover",-0.00246621968307894,0.0128878218192811,25000,25000
"OLS","Loss at 6h | Full","log_volatility_6m",-2.40764547541161,1.60404136336428,25000,25000
"OLS","Loss at 6h | Full","open_time_days",-0.00493856411394281,0.00379428751117705,25000,25000
"OLS","Loss at 6h | Full","post_first_market",-0.0402994289576317,0.034896548997563,25000,25000
"Fractional logit","Mean loss | Ex-ante","(Intercept)",-1.59818293152299,3.2603342434584,25000,25000
"Fractional logit","Mean loss | Ex-ante","eps_stddev",0.179112676719789,2.64610072200958,25000,25000
"Fractional logit","Mean loss | Ex-ante","log_market_cap",-0.23294513567013,-0.0225655562400291,25000,25000
"Fractional logit","Mean loss | Ex-ante","analysts",-0.0121632339294502,0.016124350834833,25000,25000
"Fractional logit","Mean loss | Ex-ante","log_turnover",-0.00665571486285524,0.0978516910423092,25000,25000
"Fractional logit","Mean loss | Ex-ante","log_volatility_6m",-19.6362013213611,3.38665599449809,25000,25000
"Fractional logit","Mean loss | Ex-ante","open_time_days",-0.035110316757279,0.024749033848258,25000,25000
"Fractional logit","Mean loss | Ex-ante","post_first_market",-0.220622608548,0.289749090873886,25000,25000
"Fractional logit","Mean loss | Full","(Intercept)",-3.89437818010828,1.04375008905416,25000,25000
"Fractional logit","Mean loss | Full","log_volume",-0.358589261191695,0.482178301225949,25000,25000
"Fractional logit","Mean loss | Full","log_volume_per_analyst",-0.279736398149136,0.48024102642716,25000,25000
"Fractional logit","Mean loss | Full","eps_stddev",0.371583522869186,3.22523805659658,25000,25000
"Fractional logit","Mean loss | Full","surprise",-3.17650287387718,-1.87067316631138,25000,25000
"Fractional logit","Mean loss | Full","log_market_cap",-0.187878245092588,0.0344073128350268,25000,25000
"Fractional logit","Mean loss | Full","analysts",-0.0202057006407714,0.0285085327868783,25000,25000
"Fractional logit","Mean loss | Full","log_turnover",-0.0135408071945744,0.102095500953868,25000,25000
"Fractional logit","Mean loss | Full","log_volatility_6m",-20.6076739520139,3.74848078911633,25000,25000
"Fractional logit","Mean loss | Full","open_time_days",-0.0430547711739216,0.0175400269800989,25000,25000
"Fractional logit","Mean loss | Full","post_first_market",-0.22262040899811,0.300515921235353,25000,25000
"Fractional logit","Loss at 6h | Ex-ante","(Intercept)",-1.58334661349692,3.76439269322527,25000,25000
"Fractional logit","Loss at 6h | Ex-ante","eps_stddev",0.0223396583706951,2.88764723031514,25000,25000
"Fractional logit","Loss at 6h | Ex-ante","log_market_cap",-0.254519934376369,-0.0199690198429295,25000,25000
"Fractional logit","Loss at 6h | Ex-ante","analysts",-0.0169132496583618,0.0151746177188983,25000,25000
"Fractional logit","Loss at 6h | Ex-ante","log_turnover",-0.0146500068705228,0.0996079307124469,25000,25000
"Fractional logit","Loss at 6h | Ex-ante","log_volatility_6m",-21.1028733041437,7.3747849361484,25000,25000
"Fractional logit","Loss at 6h | Ex-ante","open_time_days",-0.0374137233452627,0.028565543818182,25000,25000
"Fractional logit","Loss at 6h | Ex-ante","post_first_market",-0.29931744662938,0.262755198019658,25000,25000
"Fractional logit","Loss at 6h | Full","(Intercept)",-3.50110250511753,2.05442611328952,25000,25000
"Fractional logit","Loss at 6h | Full","log_volume",-0.54630696930878,0.416118312111047,25000,25000
"Fractional logit","Loss at 6h | Full","log_volume_per_analyst",-0.308255200433852,0.541603054110107,25000,25000
"Fractional logit","Loss at 6h | Full","eps_stddev",0.217928621539399,3.54935625804142,25000,25000
"Fractional logit","Loss at 6h | Full","surprise",-3.11588633967777,-1.60442867274579,25000,25000
"Fractional logit","Loss at 6h | Full","log_market_cap",-0.194791803802974,0.0627536101521257,25000,25000
"Fractional logit","Loss at 6h | Full","analysts",-0.0259917561386494,0.0307721579804082,25000,25000
"Fractional logit","Loss at 6h | Full","log_turnover",-0.0189503882366872,0.105244289795526,25000,25000
"Fractional logit","Loss at 6h | Full","log_volatility_6m",-20.1925885192112,10.2783547315027,25000,25000
"Fractional logit","Loss at 6h | Full","open_time_days",-0.0428117325866387,0.0265896013988526,25000,25000
"Fractional logit","Loss at 6h | Full","post_first_market",-0.30845230256115,0.277530266802789,25000,25000
"Fractional probit","Mean loss | Ex-ante","(Intercept)",-0.940224306977195,1.73274469327423,25000,25000
"Fractional probit","Mean loss | Ex-ante","eps_stddev",0.108612318747198,1.52040381444822,25000,25000
"Fractional probit","Mean loss | Ex-ante","log_market_cap",-0.12881604808514,-0.0135213152854903,25000,25000
"Fractional probit","Mean loss | Ex-ante","analysts",-0.00669054320686281,0.00887751919642061,25000,25000
"Fractional probit","Mean loss | Ex-ante","log_turnover",-0.00368979646773862,0.0552469653459291,25000,25000
"Fractional probit","Mean loss | Ex-ante","log_volatility_6m",-10.9315052836406,1.75560642324312,25000,25000
"Fractional probit","Mean loss | Ex-ante","open_time_days",-0.0193601044461381,0.0136095471863926,25000,25000
"Fractional probit","Mean loss | Ex-ante","post_first_market",-0.117955922736046,0.163827392637436,25000,25000
"Fractional probit","Mean loss | Full","(Intercept)",-2.30251323020244,0.444035745270948,25000,25000
"Fractional probit","Mean loss | Full","log_volume",-0.209884804830936,0.252776467800594,25000,25000
"Fractional probit","Mean loss | Full","log_volume_per_analyst",-0.142991463647863,0.269656288943012,25000,25000
"Fractional probit","Mean loss | Full","eps_stddev",0.380323664607796,1.97476228646041,25000,25000
"Fractional probit","Mean loss | Full","surprise",-1.73021113776776,-1.03054418026957,25000,25000
"Fractional probit","Mean loss | Full","log_market_cap",-0.101579218757233,0.0219097152402702,25000,25000
"Fractional probit","Mean loss | Full","analysts",-0.0114292058072584,0.0153448519486428,25000,25000
"Fractional probit","Mean loss | Full","log_turnover",-0.00496925314035189,0.0576776748681658,25000,25000
"Fractional probit","Mean loss | Full","log_volatility_6m",-11.0923288031363,2.63802976041679,25000,25000
"Fractional probit","Mean loss | Full","open_time_days",-0.0237635068546693,0.00883544118461136,25000,25000
"Fractional probit","Mean loss | Full","post_first_market",-0.120896110153659,0.164063931069365,25000,25000
"Fractional probit","Loss at 6h | Ex-ante","(Intercept)",-0.9364829256957,2.00457338427454,25000,25000
"Fractional probit","Loss at 6h | Ex-ante","eps_stddev",0.0127585352745104,1.6484728971453,25000,25000
"Fractional probit","Loss at 6h | Ex-ante","log_market_cap",-0.139400737719454,-0.0120451463765942,25000,25000
"Fractional probit","Loss at 6h | Ex-ante","analysts",-0.00893908382773766,0.00827428667683047,25000,25000
"Fractional probit","Loss at 6h | Ex-ante","log_turnover",-0.00834541991046277,0.0558599628366248,25000,25000
"Fractional probit","Loss at 6h | Ex-ante","log_volatility_6m",-11.6776635361257,3.93625183932109,25000,25000
"Fractional probit","Loss at 6h | Ex-ante","open_time_days",-0.0209339059990773,0.0155421372647902,25000,25000
"Fractional probit","Loss at 6h | Ex-ante","post_first_market",-0.164758026172336,0.148730551388067,25000,25000
"Fractional probit","Loss at 6h | Full","(Intercept)",-2.08825575967701,1.01866283426858,25000,25000
"Fractional probit","Loss at 6h | Full","log_volume",-0.30627957413328,0.219190915915908,25000,25000
"Fractional probit","Loss at 6h | Full","log_volume_per_analyst",-0.162000149907179,0.302111080895975,25000,25000
"Fractional probit","Loss at 6h | Full","eps_stddev",0.293231029760512,2.14318396250877,25000,25000
"Fractional probit","Loss at 6h | Full","surprise",-1.6928477397431,-0.886295909890243,25000,25000
"Fractional probit","Loss at 6h | Full","log_market_cap",-0.103819296339025,0.037420264912314,25000,25000
"Fractional probit","Loss at 6h | Full","analysts",-0.0145701117211754,0.0161174967956823,25000,25000
"Fractional probit","Loss at 6h | Full","log_turnover",-0.00900521556041355,0.0595510903168888,25000,25000
"Fractional probit","Loss at 6h | Full","log_volatility_6m",-10.7401482130974,6.1418127039313,25000,25000
"Fractional probit","Loss at 6h | Full","open_time_days",-0.023969187578329,0.0136056871944686,25000,25000
"Fractional probit","Loss at 6h | Full","post_first_market",-0.165290553424822,0.153703539175571,25000,25000
