"model_class","model","term","estimate","std.error","statistic","p.value","conf.low","conf.high","stars","term_label","outcome_group","spec_group","conf.low_boot","conf.high_boot","n_boot","n_boot_success","conf.low_hc3","conf.high_hc3","model_plot"
"OLS","Mean loss | Ex-ante","eps_stddev",0.20450035529589,0.0958860010292759,2.13274464573251,0.0333058595849888,0.0234762937857909,0.396755954181217,"**","Std. dev. of analyst estimates","Mean loss across selected horizons","Ex-ante",0.0234762937857909,0.396755954181217,25000,25000,0.0162296628267996,0.392771047764981,"Mean loss | Ex-ante"
"OLS","Mean loss | Ex-ante","log_market_cap",-0.0168519115754709,0.00700496123706536,-2.40571089620058,0.0164089721332501,-0.0304571297416847,-0.00310913135911037,"**","log(Market cap)","Mean loss across selected horizons","Ex-ante",-0.0304571297416847,-0.00310913135911037,25000,25000,-0.0306060455331355,-0.00309777761780619,"Mean loss | Ex-ante"
"OLS","Mean loss | Ex-ante","analysts",0.000305396409986806,0.000935508426305884,0.326449662450128,0.744185359562164,-0.00149722814794709,0.00217161126918419,"","Analysts covering","Mean loss across selected horizons","Ex-ante",-0.00149722814794709,0.00217161126918419,25000,25000,-0.00153146003767652,0.00214225285765013,"Mean loss | Ex-ante"
"OLS","Mean loss | Ex-ante","log_turnover",0.00594502978570839,0.00351729401233975,1.69022827345437,0.0914459951314912,-0.000914941354406676,0.0128279159639197,"*","log(6m avg. daily turnover + 1)","Mean loss across selected horizons","Ex-ante",-0.000914941354406676,0.0128279159639197,25000,25000,-0.000961123064679085,0.0128511826360959,"Mean loss | Ex-ante"
"OLS","Mean loss | Ex-ante","log_volatility_6m",-1.01656187966598,0.769080804645889,-1.32178813139672,0.186686493218078,-2.52911826472296,0.48423745612607,"","log(6m stock volatility)","Mean loss across selected horizons","Ex-ante",-2.52911826472296,0.48423745612607,25000,25000,-2.5266402446106,0.49351648527864,"Mean loss | Ex-ante"
"OLS","Mean loss | Ex-ante","open_time_days",-0.000384396511483449,0.00194369006258649,-0.197766361459876,0.843287406838206,-0.00414005923555905,0.00338368164667028,"","Market open-to-resolution (days)","Mean loss across selected horizons","Ex-ante",-0.00414005923555905,0.00338368164667028,25000,25000,-0.00420080214004564,0.00343200911707874,"Mean loss | Ex-ante"
"OLS","Mean loss | Full","log_volume",0.00290785580490084,0.0295296131709393,0.0984725329135878,0.921588755618936,-0.0543879215114218,0.0597408053187373,"","log(Polymarket volume + 1)","Mean loss across selected horizons","Full",-0.0543879215114218,0.0597408053187373,25000,25000,-0.0550817809629673,0.060897492572769,"Mean loss | Full"
"OLS","Mean loss | Full","log_volume_per_analyst",0.0179701631784882,0.0268142263933904,0.670172725285775,0.502996019540361,-0.032564464475274,0.0704842693513769,"","log(Polymarket volume / analysts + 1)","Mean loss across selected horizons","Full",-0.032564464475274,0.0704842693513769,25000,25000,-0.0346870538247588,0.0706273801817352,"Mean loss | Full"
"OLS","Mean loss | Full","eps_stddev",0.352077167473967,0.102889266673059,3.42190375010378,0.000662556563498572,0.160557403654406,0.559862402621311,"***","Std. dev. of analyst estimates","Mean loss across selected horizons","Full",0.160557403654406,0.559862402621311,25000,25000,0.150025377389742,0.554128957558192,"Mean loss | Full"
"OLS","Mean loss | Full","surprise",-0.325960877460117,0.041034125450364,-7.94365357815187,0.00000000000000920682531837423,-0.407919251609791,-0.24939547248042,"***","Earnings surprise","Mean loss across selected horizons","Full",-0.407919251609791,-0.24939547248042,25000,25000,-0.406542834838939,-0.245378920081294,"Mean loss | Full"
"OLS","Mean loss | Full","log_market_cap",-0.00889591801839947,0.00752476212438676,-1.18221916804107,0.237569765723851,-0.023449903199285,0.00544015428654129,"","log(Market cap)","Mean loss across selected horizons","Full",-0.023449903199285,0.00544015428654129,25000,25000,-0.0236728885066966,0.00588105246989764,"Mean loss | Full"
"OLS","Mean loss | Full","analysts",0.000714932389977096,0.00163607213982196,0.436980969589089,0.662276568898909,-0.00237426738593009,0.00388892074530161,"","Analysts covering","Mean loss across selected horizons","Full",-0.00237426738593009,0.00388892074530161,25000,25000,-0.00249795186167551,0.0039278166416297,"Mean loss | Full"
"OLS","Mean loss | Full","log_turnover",0.00552690034489966,0.00369909285888234,1.49412316904355,0.135649723109857,-0.00159441737995383,0.0126760925413017,"","log(6m avg. daily turnover + 1)","Mean loss across selected horizons","Full",-0.00159441737995383,0.0126760925413017,25000,25000,-0.00173730084918521,0.0127911015389845,"Mean loss | Full"
"OLS","Mean loss | Full","log_volatility_6m",-0.933214067484515,0.831952607647304,-1.12171541853035,0.262415610249746,-2.50968598236877,0.683597004162423,"","log(6m stock volatility)","Mean loss across selected horizons","Full",-2.50968598236877,0.683597004162423,25000,25000,-2.56698519906935,0.700557064100317,"Mean loss | Full"
"OLS","Mean loss | Full","open_time_days",-0.000963263521230859,0.00187691669750391,-0.513215915502212,0.607982233157959,-0.0046204507851561,0.0026439766256457,"","Market open-to-resolution (days)","Mean loss across selected horizons","Full",-0.0046204507851561,0.0026439766256457,25000,25000,-0.00464911327827786,0.00272258623581615,"Mean loss | Full"
"OLS","Loss at 6h | Ex-ante","eps_stddev",0.207533283862888,0.109337241963548,1.89810242270495,0.0581089203943362,0.000764063950778115,0.427628022523005,"*","Std. dev. of analyst estimates","Loss at 6h","Ex-ante",0.000764063950778115,0.427628022523005,25000,25000,-0.00714871388621677,0.422215281611992,"Loss at 6h | Ex-ante"
"OLS","Loss at 6h | Ex-ante","log_market_cap",-0.0173400586795762,0.00763205293229717,-2.27200450958574,0.0234000334356238,-0.0325104660726865,-0.00248077178732602,"**","log(Market cap)","Loss at 6h","Ex-ante",-0.0325104660726865,-0.00248077178732602,25000,25000,-0.0323254775634614,-0.00235463979569107,"Loss at 6h | Ex-ante"
"OLS","Loss at 6h | Ex-ante","analysts",-0.00007654588000655,0.00103046831220892,-0.0742826141276151,0.940807518401329,-0.00205615909998644,0.00198066308938622,"","Analysts covering","Loss at 6h","Ex-ante",-0.00205615909998644,0.00198066308938622,25000,25000,-0.00209985460729193,0.00194676284727883,"Loss at 6h | Ex-ante"
"OLS","Loss at 6h | Ex-ante","log_turnover",0.00517802474519294,0.00378036191169952,1.36971667426019,0.171230830797744,-0.00223211138001643,0.0125059754839384,"","log(6m avg. daily turnover + 1)","Loss at 6h","Ex-ante",-0.00223211138001643,0.0125059754839384,25000,25000,-0.00224465789105693,0.0126007073814428,"Loss at 6h | Ex-ante"
"OLS","Loss at 6h | Ex-ante","log_volatility_6m",-0.801555891683661,0.957070600496641,-0.837509679294004,0.402602570986293,-2.65648390333086,1.08492456246643,"","log(6m stock volatility)","Loss at 6h","Ex-ante",-2.65648390333086,1.08492456246643,25000,25000,-2.6807493376831,1.07763755431578,"Loss at 6h | Ex-ante"
"OLS","Loss at 6h | Ex-ante","open_time_days",-0.000506684493542779,0.00212475160383535,-0.238467636700766,0.811590789381801,-0.00463844239992764,0.00366183276553745,"","Market open-to-resolution (days)","Loss at 6h","Ex-ante",-0.00463844239992764,0.00366183276553745,25000,25000,-0.00467860168150389,0.00366523269441833,"Loss at 6h | Ex-ante"
"OLS","Loss at 6h | Full","log_volume",-0.0161530412975477,0.0344046248065032,-0.46950203318289,0.638875107022165,-0.0812043274021736,0.0491950318029188,"","log(Polymarket volume + 1)","Loss at 6h","Full",-0.0812043274021736,0.0491950318029188,25000,25000,-0.0837161239601861,0.0514100413650906,"Loss at 6h | Full"
"OLS","Loss at 6h | Full","log_volume_per_analyst",0.0230328081612404,0.0304528989111358,0.756342055593857,0.449730041532534,-0.0341219888065622,0.0812790672108014,"","log(Polymarket volume / analysts + 1)","Loss at 6h","Full",-0.0341219888065622,0.0812790672108014,25000,25000,-0.0367699578337874,0.0828355741562682,"Loss at 6h | Full"
"OLS","Loss at 6h | Full","eps_stddev",0.353379422432927,0.122852671459403,2.8764488247185,0.00415933897791153,0.127035624474286,0.595298958411824,"***","Std. dev. of analyst estimates","Loss at 6h","Full",0.127035624474286,0.595298958411824,25000,25000,0.112123915540475,0.59463492932538,"Loss at 6h | Full"
"OLS","Loss at 6h | Full","surprise",-0.301994986587835,0.0486335292256503,-6.2096045957643,0.000000000970587306710272,-0.398349172577537,-0.212060936624289,"***","Earnings surprise","Loss at 6h","Full",-0.398349172577537,-0.212060936624289,25000,25000,-0.397500494167948,-0.206489479007722,"Loss at 6h | Full"
"OLS","Loss at 6h | Full","log_market_cap",-0.00746016685361219,0.00858158292923861,-0.869322934373144,0.385005309330503,-0.0238059493955636,0.00920231687993403,"","log(Market cap)","Loss at 6h","Full",-0.0238059493955636,0.00920231687993403,25000,25000,-0.0243124999363098,0.00939216622908547,"Loss at 6h | Full"
"OLS","Loss at 6h | Full","analysts",0.000574893468997102,0.00184072639079912,0.312318806244485,0.754902753891945,-0.00286807598755294,0.0041157429241116,"","Analysts covering","Loss at 6h","Full",-0.00286807598755294,0.0041157429241116,25000,25000,-0.00303988652062085,0.00418967345861505,"Loss at 6h | Full"
"OLS","Loss at 6h | Full","log_turnover",0.00522208354872666,0.00395150205981586,1.32154392675934,0.18680515995166,-0.00250549990442833,0.012820203480813,"","log(6m avg. daily turnover + 1)","Loss at 6h","Full",-0.00250549990442833,0.012820203480813,25000,25000,-0.00253779355530908,0.0129819606527624,"Loss at 6h | Full"
"OLS","Loss at 6h | Full","log_volatility_6m",-0.436442326453677,1.03914637559346,-0.420000816732313,0.674629664708437,-2.40039529035695,1.59153810986491,"","log(6m stock volatility)","Loss at 6h","Full",-2.40039529035695,1.59153810986491,25000,25000,-2.47709624631655,1.6042115934092,"Loss at 6h | Full"
"OLS","Loss at 6h | Full","open_time_days",-0.000596389145583324,0.00213335610420675,-0.279554428071013,0.779912159005614,-0.00481975085399069,0.00343956362721423,"","Market open-to-resolution (days)","Loss at 6h","Full",-0.00481975085399069,0.00343956362721423,25000,25000,-0.00478582924638397,0.00359305095521732,"Loss at 6h | Full"
"Fractional logit","Mean loss | Ex-ante","eps_stddev",1.43243410302904,0.629249709116801,2.27641599555059,0.0228211232056902,0.189813956065249,2.63747352150353,"**","Std. dev. of analyst estimates","Mean loss across selected horizons","Ex-ante",0.189813956065249,2.63747352150353,25000,25000,0.199127335877804,2.66574087018027,"Mean loss | Ex-ante"
"Fractional logit","Mean loss | Ex-ante","log_market_cap",-0.125518361372081,0.0533008399782594,-2.35490400194965,0.0185274914194682,-0.233061586349336,-0.0235583409682232,"**","log(Market cap)","Mean loss across selected horizons","Ex-ante",-0.233061586349336,-0.0235583409682232,25000,25000,-0.229986088075202,-0.0210506346689601,"Mean loss | Ex-ante"
"Fractional logit","Mean loss | Ex-ante","analysts",0.00210584350282907,0.00717490404832551,0.293501277319595,0.769139023304369,-0.0119205139592424,0.0162032603190689,"","Analysts covering","Mean loss across selected horizons","Ex-ante",-0.0119205139592424,0.0162032603190689,25000,25000,-0.0119567100244195,0.0161683970300777,"Mean loss | Ex-ante"
"Fractional logit","Mean loss | Ex-ante","log_turnover",0.0449265405685832,0.0265489683778765,1.69221417303811,0.0906051451508032,-0.0060152717050204,0.0977474603293879,"*","log(6m avg. daily turnover + 1)","Mean loss across selected horizons","Ex-ante",-0.0060152717050204,0.0977474603293879,25000,25000,-0.00710848127874752,0.0969615624159139,"Mean loss | Ex-ante"
"Fractional logit","Mean loss | Ex-ante","log_volatility_6m",-7.70416141879736,5.80331270432332,-1.32754545745191,0.184328313257755,-19.5170357253799,3.38561495290549,"","log(6m stock volatility)","Mean loss across selected horizons","Ex-ante",-19.5170357253799,3.38561495290549,25000,25000,-19.0784453102948,3.67012247270008,"Mean loss | Ex-ante"
"Fractional logit","Mean loss | Ex-ante","open_time_days",-0.00304613206869043,0.0142970537771253,-0.213060125266096,0.831280065954964,-0.0313607246554615,0.0243493057705105,"","Market open-to-resolution (days)","Mean loss across selected horizons","Ex-ante",-0.0313607246554615,0.0243493057705105,25000,25000,-0.0310678425568884,0.0249755784195075,"Mean loss | Ex-ante"
"Fractional logit","Mean loss | Full","log_volume",0.0371873817381659,0.214683315413302,0.17321971046783,0.862478731115658,-0.358890160720403,0.473611186785761,"","log(Polymarket volume + 1)","Mean loss across selected horizons","Full",-0.358890160720403,0.473611186785761,25000,25000,-0.383584184553558,0.45795894802989,"Mean loss | Full"
"Fractional logit","Mean loss | Full","log_volume_per_analyst",0.120425562957465,0.193945414179245,0.620925034330365,0.534648948702903,-0.279312117311836,0.481954674745592,"","log(Polymarket volume / analysts + 1)","Mean loss across selected horizons","Full",-0.279312117311836,0.481954674745592,25000,25000,-0.25970046380056,0.500551589715489,"Mean loss | Full"
"Fractional logit","Mean loss | Full","eps_stddev",1.79201726397448,0.738364050469111,2.42701044672467,0.0152238174793486,0.373583786966214,3.223348951227,"**","Std. dev. of analyst estimates","Mean loss across selected horizons","Full",0.373583786966214,3.223348951227,25000,25000,0.344850317575905,3.23918421037305,"Mean loss | Full"
"Fractional logit","Mean loss | Full","surprise",-2.47142804119254,0.335565427320527,-7.36496623304364,0.000000000000177191713228034,-3.18125277049333,-1.8758926670149,"***","Earnings surprise","Mean loss across selected horizons","Full",-3.18125277049333,-1.8758926670149,25000,25000,-3.12912419319757,-1.81373188918751,"Mean loss | Full"
"Fractional logit","Mean loss | Full","log_market_cap",-0.0752553780927118,0.0567788697864963,-1.32541169585961,0.185034639896214,-0.186929897276481,0.0347175209374633,"","log(Market cap)","Mean loss across selected horizons","Full",-0.186929897276481,0.0347175209374633,25000,25000,-0.186539917957134,0.0360291617717104,"Mean loss | Full"
"Fractional logit","Mean loss | Full","analysts",0.00564115133990216,0.0123993506315827,0.454955384964551,0.649141336306083,-0.0193963198508594,0.0285820113433982,"","Analysts covering","Mean loss across selected horizons","Full",-0.0193963198508594,0.0285820113433982,25000,25000,-0.0186611293296839,0.0299434320094882,"Mean loss | Full"
"Fractional logit","Mean loss | Full","log_turnover",0.0435683379820338,0.0290801198028468,1.49821727961962,0.13407680758641,-0.0127528134561912,0.101899790290127,"","log(6m avg. daily turnover + 1)","Mean loss across selected horizons","Full",-0.0127528134561912,0.101899790290127,25000,25000,-0.013427649497656,0.100564325461724,"Mean loss | Full"
"Fractional logit","Mean loss | Full","log_volatility_6m",-8.20265999862266,6.21628392958239,-1.31954397378591,0.186987319150533,-20.4671377006622,3.72294212070843,"","log(6m stock volatility)","Mean loss across selected horizons","Full",-20.4671377006622,3.72294212070843,25000,25000,-20.3863526182793,3.98103262103395,"Mean loss | Full"
"Fractional logit","Mean loss | Full","open_time_days",-0.0100053555502998,0.0144711934448764,-0.691398092936301,0.489315402220879,-0.0388895389164206,0.0169252787430557,"","Market open-to-resolution (days)","Mean loss across selected horizons","Full",-0.0388895389164206,0.0169252787430557,25000,25000,-0.0383683735155696,0.01835766241497,"Mean loss | Full"
"Fractional logit","Loss at 6h | Ex-ante","eps_stddev",1.49256975686019,0.73258781264225,2.03739364906562,0.0416106097945007,0.0249950342736455,2.88647343211478,"**","Std. dev. of analyst estimates","Loss at 6h","Ex-ante",0.0249950342736455,2.88647343211478,25000,25000,0.0567240285684076,2.92841548515198,"Loss at 6h | Ex-ante"
"Fractional logit","Loss at 6h | Ex-ante","log_market_cap",-0.132328408678337,0.0597984688174761,-2.2129063050468,0.0269041059254178,-0.254468485140317,-0.019250317462871,"**","log(Market cap)","Loss at 6h","Ex-ante",-0.254468485140317,-0.019250317462871,25000,25000,-0.249531253891232,-0.0151255634654426,"Loss at 6h | Ex-ante"
"Fractional logit","Loss at 6h | Ex-ante","analysts",-0.000885792457327742,0.00818410813746503,-0.108233229870556,0.9138106861508,-0.0171084278365946,0.0150967441593862,"","Analysts covering","Loss at 6h","Ex-ante",-0.0171084278365946,0.0150967441593862,25000,25000,-0.0169263496523404,0.0151547647376849,"Loss at 6h | Ex-ante"
"Fractional logit","Loss at 6h | Ex-ante","log_turnover",0.0407616304384433,0.0292151332563244,1.3952231564653,0.162948556155802,-0.0144966949275874,0.0987870875819504,"","log(6m avg. daily turnover + 1)","Loss at 6h","Ex-ante",-0.0144966949275874,0.0987870875819504,25000,25000,-0.0164989785474909,0.0980222394243775,"Loss at 6h | Ex-ante"
"Fractional logit","Loss at 6h | Ex-ante","log_volatility_6m",-6.39293588552928,7.2698682915331,-0.879374375045399,0.379198321364338,-21.1049521288354,7.32569479105106,"","log(6m stock volatility)","Loss at 6h","Ex-ante",-21.1049521288354,7.32569479105106,25000,25000,-20.6416159092839,7.85574413822533,"Loss at 6h | Ex-ante"
"Fractional logit","Loss at 6h | Ex-ante","open_time_days",-0.00415507636051969,0.0159618375599386,-0.260313159115726,0.794622222908562,-0.0360067484100686,0.0261928177435572,"","Market open-to-resolution (days)","Loss at 6h","Ex-ante",-0.0360067484100686,0.0261928177435572,25000,25000,-0.0354397031050781,0.0271295503840387,"Loss at 6h | Ex-ante"
"Fractional logit","Loss at 6h | Full","log_volume",-0.092694475535536,0.246215106658102,-0.37647761257904,0.706561855926619,-0.541554546987576,0.410023005781761,"","log(Polymarket volume + 1)","Loss at 6h","Full",-0.541554546987576,0.410023005781761,25000,25000,-0.575267217035104,0.389878265964032,"Loss at 6h | Full"
"Fractional logit","Loss at 6h | Full","log_volume_per_analyst",0.148130428194451,0.219042793931688,0.676262503484355,0.498873994980091,-0.30828039066153,0.538655098188315,"","log(Polymarket volume / analysts + 1)","Loss at 6h","Full",-0.30828039066153,0.538655098188315,25000,25000,-0.281185558984687,0.577446415373589,"Loss at 6h | Full"
"Fractional logit","Loss at 6h | Full","eps_stddev",1.90825605152521,0.85608261270998,2.22905596164897,0.0258101815518236,0.217596786853284,3.54489030142719,"**","Std. dev. of analyst estimates","Loss at 6h","Full",0.217596786853284,3.54489030142719,25000,25000,0.230364962822699,3.58614714022772,"Loss at 6h | Full"
"Fractional logit","Loss at 6h | Full","surprise",-2.29099563449,0.388018989547539,-5.90433895300197,0.0000000035406354760608,-3.11492493630452,-1.60407849139352,"***","Earnings surprise","Loss at 6h","Full",-3.11492493630452,-1.60407849139352,25000,25000,-3.0514988793208,-1.5304923896592,"Loss at 6h | Full"
"Fractional logit","Loss at 6h | Full","log_market_cap",-0.0647286967811747,0.0658958937609302,-0.982287257776788,0.325958350211691,-0.194423847716633,0.0622698645477889,"","log(Market cap)","Loss at 6h","Full",-0.194423847716633,0.0622698645477889,25000,25000,-0.193882275281676,0.0644248817193262,"Loss at 6h | Full"
"Fractional logit","Loss at 6h | Full","analysts",0.0038535012010902,0.0144878239525828,0.265982055945898,0.790253028677518,-0.0258363930573315,0.0302498629606314,"","Analysts covering","Loss at 6h","Full",-0.0258363930573315,0.0302498629606314,25000,25000,-0.0245421119603288,0.0322491143625092,"Loss at 6h | Full"
"Fractional logit","Loss at 6h | Full","log_turnover",0.0418218505619929,0.031427592531332,1.33073669325126,0.183275664921969,-0.0184558901933672,0.104341632725267,"","log(6m avg. daily turnover + 1)","Loss at 6h","Full",-0.0184558901933672,0.104341632725267,25000,25000,-0.0197750989202178,0.103418800044204,"Loss at 6h | Full"
"Fractional logit","Loss at 6h | Full","log_volatility_6m",-4.54567441855227,7.75373886935155,-0.586255804476484,0.557703625815563,-20.2105613265946,10.2083465877398,"","log(6m stock volatility)","Loss at 6h","Full",-20.2105613265946,10.2083465877398,25000,25000,-19.7427233480096,10.6513745109051,"Loss at 6h | Full"
"Fractional logit","Loss at 6h | Full","open_time_days",-0.00714194924200924,0.0165369863623796,-0.43187731340558,0.665830584199026,-0.0402187077357173,0.0238866391896568,"","Market open-to-resolution (days)","Loss at 6h","Full",-0.0402187077357173,0.0238866391896568,25000,25000,-0.0395538469251034,0.0252699484410849,"Loss at 6h | Full"
"Fractional probit","Mean loss | Ex-ante","eps_stddev",0.816992168588489,0.358786188860915,2.27710038444428,0.0227802317507629,0.11222127779463,1.51495542720173,"**","Std. dev. of analyst estimates","Mean loss across selected horizons","Ex-ante",0.11222127779463,1.51495542720173,25000,25000,0.11378416027071,1.52020017690627,"Mean loss | Ex-ante"
"Fractional probit","Mean loss | Ex-ante","log_market_cap",-0.0703409837654221,0.0293358295463298,-2.39778403587781,0.0164945871113285,-0.128921975391171,-0.013957689076873,"**","log(Market cap)","Mean loss across selected horizons","Ex-ante",-0.128921975391171,-0.013957689076873,25000,25000,-0.127838153132834,-0.0128438143980098,"Mean loss | Ex-ante"
"Fractional probit","Mean loss | Ex-ante","analysts",0.00117445816769018,0.00394743591776881,0.297524315063234,0.766066247264866,-0.00652387973157727,0.00894862089219818,"","Analysts covering","Mean loss across selected horizons","Ex-ante",-0.00652387973157727,0.00894862089219818,25000,25000,-0.00656237406241651,0.00891129039779686,"Mean loss | Ex-ante"
"Fractional probit","Mean loss | Ex-ante","log_turnover",0.0257249846201652,0.0147013086241632,1.74984317912239,0.0801453776107246,-0.00347079623512314,0.0553269212840165,"*","log(6m avg. daily turnover + 1)","Mean loss across selected horizons","Ex-ante",-0.00347079623512314,0.0553269212840165,25000,25000,-0.00308905080880278,0.0545390200491332,"Mean loss | Ex-ante"
"Fractional probit","Mean loss | Ex-ante","log_volatility_6m",-4.36004578337808,3.21241708226395,-1.35724772709319,0.174702510467748,-10.8628159245531,1.74353458799764,"","log(6m stock volatility)","Mean loss across selected horizons","Ex-ante",-10.8628159245531,1.74353458799764,25000,25000,-10.6562675679367,1.9361760011805,"Mean loss | Ex-ante"
"Fractional probit","Mean loss | Ex-ante","open_time_days",-0.00182444011285319,0.0079505619334778,-0.229473102419458,0.818501224049848,-0.0173046792307489,0.0130639944690567,"","Market open-to-resolution (days)","Mean loss across selected horizons","Ex-ante",-0.0173046792307489,0.0130639944690567,25000,25000,-0.0174072551593248,0.0137583749336184,"Mean loss | Ex-ante"
"Fractional probit","Mean loss | Full","log_volume",0.013498799604789,0.119078632805387,0.113360384535574,0.909744845766038,-0.210085040486438,0.247556591414697,"","log(Polymarket volume + 1)","Mean loss across selected horizons","Full",-0.210085040486438,0.247556591414697,25000,25000,-0.219891032022039,0.246888631231617,"Mean loss | Full"
"Fractional probit","Mean loss | Full","log_volume_per_analyst",0.0723867706758279,0.107848744195444,0.671187886477827,0.502100844555514,-0.141427768336252,0.270257063048,"","log(Polymarket volume / analysts + 1)","Mean loss across selected horizons","Full",-0.141427768336252,0.270257063048,25000,25000,-0.138992883725116,0.283766425076771,"Mean loss | Full"
"Fractional probit","Mean loss | Full","eps_stddev",1.17584549065206,0.413645244784389,2.84264234988358,0.00447412462225651,0.385189276480671,1.97459602183151,"***","Std. dev. of analyst estimates","Mean loss across selected horizons","Full",0.385189276480671,1.97459602183151,25000,25000,0.365115708498406,1.98657527280572,"Mean loss | Full"
"Fractional probit","Mean loss | Full","surprise",-1.35485135431354,0.185118803372447,-7.31882083089998,0.00000000000025015932890004,-1.73595137037815,-1.03371032115768,"***","Earnings surprise","Mean loss across selected horizons","Full",-1.73595137037815,-1.03371032115768,25000,25000,-1.71767754178469,-0.992025166842393,"Mean loss | Full"
"Fractional probit","Mean loss | Full","log_market_cap",-0.0381831971264901,0.0321458275371799,-1.18781191998642,0.23490751712994,-0.100933652426034,0.0226186483250513,"","log(Market cap)","Mean loss across selected horizons","Full",-0.100933652426034,0.0226186483250513,25000,25000,-0.101187861352599,0.0248214670996183,"Mean loss | Full"
"Fractional probit","Mean loss | Full","analysts",0.00251031024135833,0.00685327348835299,0.36629360343266,0.714146002158784,-0.0111705837440747,0.0154038657046577,"","Analysts covering","Mean loss across selected horizons","Full",-0.0111705837440747,0.0154038657046577,25000,25000,-0.0109218589720167,0.0159424794547334,"Mean loss | Full"
"Fractional probit","Mean loss | Full","log_turnover",0.0261596438619653,0.0160096377804053,1.63399348697214,0.102260218173233,-0.00448779244520215,0.0577386191161874,"","log(6m avg. daily turnover + 1)","Mean loss across selected horizons","Full",-0.00448779244520215,0.0577386191161874,25000,25000,-0.00521866959316082,0.0575379573170915,"Mean loss | Full"
"Fractional probit","Mean loss | Full","log_volatility_6m",-4.04692854201542,3.60547697317011,-1.12243915912661,0.261675762486934,-11.0377335286164,2.65612969109039,"","log(6m stock volatility)","Mean loss across selected horizons","Full",-11.0377335286164,2.65612969109039,25000,25000,-11.1135335565173,3.01967647248648,"Mean loss | Full"
"Fractional probit","Mean loss | Full","open_time_days",-0.00617304631089271,0.00796560822517027,-0.774962330106407,0.438361919154812,-0.021768038006867,0.00863459611030451,"","Market open-to-resolution (days)","Mean loss across selected horizons","Full",-0.021768038006867,0.00863459611030451,25000,25000,-0.0217853515471825,0.00943925892539703,"Mean loss | Full"
"Fractional probit","Loss at 6h | Ex-ante","eps_stddev",0.844987099031383,0.415810644300934,2.03214398335566,0.0421390818162138,0.0139072201344393,1.64361278014639,"**","Std. dev. of analyst estimates","Loss at 6h","Ex-ante",0.0139072201344393,1.64361278014639,25000,25000,0.0300132118131579,1.65996098624961,"Loss at 6h | Ex-ante"
"Fractional probit","Loss at 6h | Ex-ante","log_market_cap",-0.0739195859405251,0.0326963867025223,-2.26078760974596,0.0237724122168673,-0.139241859481589,-0.0111869172028118,"**","log(Market cap)","Loss at 6h","Ex-ante",-0.139241859481589,-0.0111869172028118,25000,25000,-0.138003326302063,-0.00983584557898708,"Loss at 6h | Ex-ante"
"Fractional probit","Loss at 6h | Ex-ante","analysts",-0.000413233757013226,0.00447342617807214,-0.0923752266302764,0.926399921541308,-0.00901042934721053,0.00824908040547798,"","Analysts covering","Loss at 6h","Ex-ante",-0.00901042934721053,0.00824908040547798,25000,25000,-0.00918098795353329,0.00835452043950684,"Loss at 6h | Ex-ante"
"Fractional probit","Loss at 6h | Ex-ante","log_turnover",0.0233351194255423,0.0161361146129222,1.44614239457961,0.148137266955465,-0.00834202848877053,0.0556313183945522,"","log(6m avg. daily turnover + 1)","Loss at 6h","Ex-ante",-0.00834202848877053,0.0556313183945522,25000,25000,-0.00829108406619565,0.0549613229172801,"Loss at 6h | Ex-ante"
"Fractional probit","Loss at 6h | Ex-ante","log_volatility_6m",-3.63599640150359,4.02043951847263,-0.904377838491875,0.365795085277119,-11.6611875537657,3.93241032809249,"","log(6m stock volatility)","Loss at 6h","Ex-ante",-11.6611875537657,3.93241032809249,25000,25000,-11.5159130597315,4.24392025672432,"Loss at 6h | Ex-ante"
"Fractional probit","Loss at 6h | Ex-ante","open_time_days",-0.00244370860957609,0.00884781793292487,-0.276193365200527,0.782399552922456,-0.0198643923229612,0.0144150392063693,"","Market open-to-resolution (days)","Loss at 6h","Ex-ante",-0.0198643923229612,0.0144150392063693,25000,25000,-0.0197851130998765,0.0148976958807243,"Loss at 6h | Ex-ante"
"Fractional probit","Loss at 6h | Full","log_volume",-0.0545391950356683,0.137021841056436,-0.398032858230279,0.690605965175102,-0.304375524147245,0.217005946680328,"","log(Polymarket volume + 1)","Loss at 6h","Full",-0.304375524147245,0.217005946680328,25000,25000,-0.323097068601655,0.214018678530318,"Loss at 6h | Full"
"Fractional probit","Loss at 6h | Full","log_volume_per_analyst",0.0836236707346589,0.121559587912807,0.687923282486292,0.491501094000161,-0.162310640436398,0.301083915731419,"","log(Polymarket volume / analysts + 1)","Loss at 6h","Full",-0.162310640436398,0.301083915731419,25000,25000,-0.154628743549972,0.32187608501929,"Loss at 6h | Full"
"Fractional probit","Loss at 6h | Full","eps_stddev",1.22598550163992,0.481245199496094,2.54752775284541,0.0108489223333088,0.292470632195828,2.13580329226303,"**","Std. dev. of analyst estimates","Loss at 6h","Full",0.292470632195828,2.13580329226303,25000,25000,0.282762242894786,2.16920876038506,"Loss at 6h | Full"
"Fractional probit","Loss at 6h | Full","surprise",-1.25764894431813,0.214557507208298,-5.86159375489561,0.00000000458445508252093,-1.69309451960671,-0.883701254099787,"***","Earnings surprise","Loss at 6h","Full",-1.69309451960671,-0.883701254099787,25000,25000,-1.67817393105909,-0.837123957577172,"Loss at 6h | Full"
"Fractional probit","Loss at 6h | Full","log_market_cap",-0.0322233987099264,0.0368887084724047,-0.87353014091105,0.382374184961018,-0.103505549764993,0.0373182916981364,"","log(Market cap)","Loss at 6h","Full",-0.103505549764993,0.0373182916981364,25000,25000,-0.104523938752037,0.0400771413321845,"Loss at 6h | Full"
"Fractional probit","Loss at 6h | Full","analysts",0.00144278130693562,0.00792096652883157,0.182147128344001,0.855467264238331,-0.0145308100781831,0.0158828247711198,"","Analysts covering","Loss at 6h","Full",-0.0145308100781831,0.0158828247711198,25000,25000,-0.0140820278123215,0.0169675904261927,"Loss at 6h | Full"
"Fractional probit","Loss at 6h | Full","log_turnover",0.0245355463660356,0.0173360220907763,1.41529274925704,0.15698268003277,-0.00879131316522897,0.0594043577379422,"","log(6m avg. daily turnover + 1)","Loss at 6h","Full",-0.00879131316522897,0.0594043577379422,25000,25000,-0.00944243256707666,0.058513525299148,"Loss at 6h | Full"
"Fractional probit","Loss at 6h | Full","log_volatility_6m",-2.07196721788205,4.45676548011222,-0.464903802349026,0.642000347449964,-10.7310791659806,6.12092066360782,"","log(6m stock volatility)","Loss at 6h","Full",-10.7310791659806,6.12092066360782,25000,25000,-10.8070670464434,6.66313261067925,"Loss at 6h | Full"
"Fractional probit","Loss at 6h | Full","open_time_days",-0.00458047635276038,0.00910699169809106,-0.502962614286834,0.614990557256991,-0.0228834105894543,0.0124124757629034,"","Market open-to-resolution (days)","Loss at 6h","Full",-0.0228834105894543,0.0124124757629034,25000,25000,-0.0224298520885241,0.0132688993830034,"Loss at 6h | Full"
