"horizon","horizon_seconds","n","BS_polymarket","BS_dice","BS_hist","BSS_vs_dice","BSS_vs_hist"
"1w",604800,364,0.169950743131868,0.25,0.200332031960542,0.320197027472529,0.151654673151111
"6d",518400,448,0.168634131696428,0.25,0.192860295142293,0.325463473214287,0.125615090591824
"5d",432000,496,0.162154084173387,0.25,0.19719899799236,0.351383663306453,0.177713447714023
"4d",345600,515,0.160592852427184,0.25,0.195784758079465,0.357628590291264,0.179747933380991
"3d",259200,530,0.158538375943396,0.25,0.194235500626944,0.365846496226417,0.183782699703846
"2d",172800,545,0.159497697247706,0.25,0.194366114324142,0.362009211009176,0.179395555638296
"1d",86400,546,0.155604144230769,0.25,0.194094232003671,0.377583423076925,0.198306190635146
"12h",43200,546,0.151929882783882,0.25,0.194094232003671,0.39228046886447,0.217236487578833
"6h",21600,547,0.1327359488117,0.25,0.194792570162702,0.469056204753201,0.318577968857689
