signal_bin,signal_bin_id,event_day,n,n_from_0,mean_abnormal_ret,sd_abnormal_ret,mean_caar_from_m5,sd_caar_from_m5,mean_caar_from_0,sd_caar_from_0,se_caar_from_m5,ci_low,ci_high,se_caar_from_0,ci_low_from_0,ci_high_from_0
Q1,1,-5,128,128,-5.484680383865046e-4,0.045681736444142806,0,0,0,0,0,0,0,0,0,0
Q1,1,-4,128,128,-0.003938949071431009,0.03058252587340495,-0.003938949071431009,0.03058252587340495,0,0,0.00270313892886221,-0.009237101372000942,0.001359203229138922,0,0,0
Q1,1,-3,128,128,-0.0027298705761433953,0.029398099279359557,-0.006668819647574405,0.044076746041713535,0,0,0.0038958707523416196,-0.01430472632216398,9.670870270151689e-4,0,0,0
Q1,1,-2,128,128,0.0015859500228614792,0.03265799734529126,-0.005082869624712925,0.04884025389998924,0,0,0.00431690934094439,-0.01354401193296393,0.0033782726835380793,0,0,0
Q1,1,-1,128,128,-0.003969350674919523,0.028368578245916612,-0.009052220299632447,0.05477042545968905,0,0,0.004841067406377307,-0.01854071241613197,4.362718168670742e-4,0,0,0
Q1,1,0,128,128,0.003890597457419304,0.10128618701793778,-0.005161622842213144,0.10952156018677174,0.003890597457419304,0.10128618701793778,0.009680429736774613,-0.024135265126291383,0.013812019441865095,0.008952518710114082,-0.013656339214404296,0.021437534129242902
Q1,1,1,128,128,1.8962350417476992e-4,0.0428654055937438,-0.004971999338038374,0.11543142807056221,0.004080220961594073,0.11217930887188335,0.010202793193842716,-0.024969473997970094,0.015025475321893349,0.009915343751516119,-0.015353852791377517,0.023514294714565665
Q1,1,2,128,128,-0.006961999663216716,0.03303469876843259,-0.01193399900125509,0.11931330098583094,-0.002881778701622642,0.11594565625674738,0.01054590552660408,-0.03260397383339909,0.008735975830888906,0.010248244973533814,-0.02296833884974892,0.01720478144650363
Q1,1,3,128,128,-0.0016332659516719535,0.02902073808811845,-0.013567264952927044,0.12226875566874074,-0.004515044653294596,0.11740732529526805,0.010807133282575961,-0.034749246186775926,0.00761471628092184,0.010377439484657363,-0.024854826043223026,0.015824736736633836
Q1,1,4,128,128,-0.004288063796005868,0.032077721406217556,-0.017855328748932912,0.12703382106737893,-0.008803108449300464,0.11907543622849143,0.011228309539597766,-0.03986281544654453,0.004152157948678709,0.010524881053739072,-0.02943187531462904,0.011825658416028116
Q1,1,5,128,128,0.006162239939824407,0.02686845157395038,-0.011693088809108505,0.1277181690487183,-0.002640868509476057,0.11929215620917609,0.011288797926884817,-0.03381913274580275,0.010432955127585736,0.010544036574734164,-0.02330718019595502,0.018025443177002907
Q2,2,-5,128,128,8.199145242199701e-4,0.025357922983452363,0,0,0,0,0,0,0,0,0,0
Q2,2,-4,128,128,-0.0013260554042439866,0.018519969790723474,-0.0013260554042439866,0.018519969790723474,0,0,0.0016369495282988215,-0.0045344764797096765,0.0018823656712217034,0,0,0
Q2,2,-3,128,128,-0.001168764540464583,0.020474131568982513,-0.0024948199447085697,0.024903395032205174,0,0,0.0022011699377299573,-0.006809113022659286,0.0018194731332421468,0,0,0
Q2,2,-2,128,128,-0.003563165783911055,0.025103446269097794,-0.006057985728619626,0.03647797425756038,0,0,0.0032242278701836574,-0.012377472354179594,2.6150089694034276e-4,0,0,0
Q2,2,-1,128,128,-1.2466139310547827e-4,0.02413651353374978,-0.0061826471217251025,0.039626669839760195,0,0,0.003502535869941859,-0.013047617426811146,6.823231833609413e-4,0,0,0
Q2,2,0,128,128,0.012842655431350963,0.09296575788978657,0.006660008309625861,0.09932855428348324,0.012842655431350963,0.09296575788978657,0.008779486787413386,-0.010547785793704374,0.023867802412956097,0.008217089727751857,-0.0032628404350426785,0.028948151297744605
Q2,2,1,128,128,-0.0024390043675601714,0.030740928539811033,0.0042210039420656886,0.10922618983043934,0.010403651063790792,0.10114368965589944,0.009654322439034095,-0.01470146803844114,0.023143475922572515,0.00893992360373927,-0.007118599199538174,0.027925901327119758
Q2,2,2,128,128,-2.6975316530757494e-4,0.027126748886763013,0.0039512507767581135,0.10794683071802824,0.010133897898483216,0.10084048587229269,0.009541242001039259,-0.014749583545278836,0.02265208509879506,0.00891312392230555,-0.007335824989235662,0.027603620786202092
Q2,2,3,128,128,0.0011767239017323084,0.022167560516927847,0.005127974678490422,0.11230531123738755,0.011310621800215524,0.10619618764789684,0.009926480892402813,-0.01432792787061909,0.024583877227599936,0.009386505552748366,-0.0070869290831712724,0.02970817268360232
Q2,2,4,128,128,-0.0029548202382728207,0.02238940326890182,0.002173154440217602,0.11611113601785086,0.008355801561942705,0.11084998546433128,0.01026287145618699,-0.0179420736139089,0.022288382494344103,0.009797847052032358,-0.010847978660040716,0.027559581783926125
Q2,2,5,128,128,0.002251109713940283,0.021288700762193857,0.004424264154157885,0.1177232884003134,0.010606911275882987,0.11124937178476581,0.010405366941430154,-0.015970255051045216,0.024818783359360986,0.009833148148968908,-0.008666059096096072,0.029879881647862046
Q3,3,-5,128,128,-4.243345385646859e-4,0.021601100662362236,0,0,0,0,0,0,0,0,0,0
Q3,3,-4,128,128,0.0021859768270725793,0.0244708185872546,0.002185976827072579,0.0244708185872546,0,0,0.002162935220529192,-0.002053376205164638,0.006425329859309796,0,0,0
Q3,3,-3,128,128,0.0014151645241277174,0.018230335182401795,0.003601141351200297,0.03165409448962575,0,0,0.002797853108241762,-0.0018826507409535555,0.00908493344335415,0,0,0
Q3,3,-2,128,128,-3.4169140312671016e-4,0.022679839556411247,0.0032594499480735864,0.041629344781551024,0,0,0.0036795489989234426,-0.003952466089816361,0.010471365985963535,0,0,0
Q3,3,-1,128,128,0.0030284973218872163,0.024756968056857065,0.006287947269960802,0.050331912896367466,0,0,0.00444875461488901,-0.002431611775221656,0.01500750631514326,0,0,0
Q3,3,0,128,128,0.00930014517229224,0.0872772701845269,0.015588092442253043,0.10769302856282027,0.00930014517229224,0.0872772701845269,0.009518808847910846,-0.0030687728996522164,0.0342449577841583,0.007714293698866181,-0.005819870477485474,0.024420160822069957
Q3,3,1,128,128,0.001168959292734358,0.03169164972165034,0.0167570517349874,0.12314817586668632,0.010469104465026599,0.10204723624973769,0.010884863780760928,-0.004577281275304018,0.03809138474527882,0.009019786594191897,-0.007209677259589519,0.028147886189642715
Q3,3,2,128,128,7.695104111043152e-4,0.027160792642173817,0.017526562146091718,0.1266454716397781,0.011238614876130914,0.10699354222624434,0.01119398397538196,-0.004413646445656925,0.039466770737840356,0.009456982406418324,-0.007297070640449,0.029774300392710826
Q3,3,3,128,128,0.001398902145303968,0.02425917662946271,0.018925464291395685,0.12777310911462614,0.012637517021434883,0.10732572073538049,0.0112936539885301,-0.00321009752612331,0.04106102610891468,0.00948634311596515,-0.00595571548585681,0.031230749528726575
Q3,3,4,128,128,-0.0029329067705109305,0.022752260048626356,0.015992557520884753,0.1329870812906954,0.00970461025092395,0.11090148301373878,0.011754508373857168,-0.007046278891875295,0.0390313939336448,0.009802398835332425,-0.009508091466327601,0.028917311968175503
Q3,3,5,128,128,3.7352866691090555e-4,0.024289529537769857,0.01636608618779566,0.13550694393906146,0.010078138917834857,0.11393899487110423,0.01197723486964696,-0.007109294156712381,0.0398414665323037,0.010070879489367131,-0.00966078488132472,0.029817062716994434
Q4,4,-5,128,128,-0.002542203108435454,0.02914064118015983,0,0,0,0,0,0,0,0,0,0
Q4,4,-4,128,128,1.985221461758433e-4,0.027401746743288366,1.9852214617584323e-4,0.027401746743288366,0,0,0.0024219951173169497,-0.004548588283765378,0.004945632576117065,0,0,0
Q4,4,-3,128,128,-0.0014473858914040186,0.026895506406911192,-0.0012488637452281754,0.040390969186717834,0,0,0.0035700910263281337,-0.008246242156831316,0.005748514666374966,0,0,0
Q4,4,-2,128,128,5.9209305472761176e-5,0.02223702014543845,-0.0011896544397554142,0.04574958494985487,0,0,0.004043730219314049,-0.00911536566961095,0.006736056790100121,0,0,0
Q4,4,-1,128,128,-7.206980359175338e-4,0.02960817455021577,-0.0019103524756729487,0.052667776907148495,0,0,0.004655217775133119,-0.011034579314933863,0.007213874363587965,0,0,0
Q4,4,0,128,128,0.00683711373274229,0.0955848082691133,0.004926761257069343,0.10120936814090492,0.00683711373274229,0.0955848082691133,0.008945728816504949,-0.012606867223280357,0.022460389737419043,0.008448583263188248,-0.009722109463106678,0.023396336928591256
Q4,4,1,128,128,1.1713894417560044e-4,0.032845220871802666,0.005043900201244943,0.1136683572932392,0.006954252676917892,0.10832711787853035,0.010046958281048098,-0.014648138029609329,0.024735938432099216,0.009574854954787911,-0.011812463034466415,0.025720968388302196
Q4,4,2,128,128,-0.002752332956241801,0.025203424937035736,0.0022915672450031415,0.1172428279431689,0.004201919720676089,0.11229293344606663,0.010362899835512796,-0.01801971643260194,0.02260285092260822,0.009925386839880422,-0.015251838485489538,0.023655677926841718
Q4,4,3,128,128,0.0017580867431420007,0.032715334586485983,0.004049653988145143,0.12352796083370807,0.00596000646381809,0.11834649978169742,0.010918432346457651,-0.017350473410911855,0.02544978138720214,0.010460451565666313,-0.014542478604887882,0.026462491532524064
Q4,4,4,128,128,-0.0014904230210342955,0.025732175040857834,0.002559230967110847,0.12249150159096552,0.004469583442783794,0.1155257309426611,0.010826821426586811,-0.018661339028999302,0.023779800963221,0.010211128468886027,-0.015544228356232818,0.024483395241800408
Q4,4,5,128,128,-3.6315954856925767e-4,0.021501330176133534,0.0021960714185415885,0.12452562731557774,0.004106423894214536,0.11577369831695995,0.011006614438294223,-0.01937689288051509,0.023769035717598266,0.010233045895370996,-0.015950346060712613,0.024163193849141687
Q5,5,-5,127,127,0.001969129486495427,0.022022104997457784,0,0,0,0,0,0,0,0,0,0
Q5,5,-4,127,127,6.716246257075423e-4,0.021378399422188096,6.716246257075425e-4,0.021378399422188096,0,0,0.0018970261888176295,-0.0030465467043750112,0.0043897959557900965,0,0,0
Q5,5,-3,127,127,-3.5236924214349655e-4,0.018450361804357145,3.1925538356404576e-4,0.027674648727983052,0,0,0.0024557279694580134,-0.00449397143657366,0.005132482203701752,0,0,0
Q5,5,-2,127,127,0.001380896187477965,0.018626182374778148,0.0017001515710420106,0.03504806475912029,0,0,0.003110012840644289,-0.004395473596620797,0.007795776738704817,0,0,0
Q5,5,-1,127,127,0.00212190350728475,0.023777446948912987,0.003822055078326761,0.04253907822868613,0,0,0.003774732797078592,-0.0035764212039472794,0.011220531360600802,0,0,0
Q5,5,0,127,127,0.006071177982427383,0.08575718119978455,0.009893233060754143,0.09667467644342935,0.006071177982427383,0.08575718119978455,0.008578490343777367,-0.006920608013049497,0.026707074134557782,0.0076097192966806,-0.008843871839066594,0.02098622780392136
Q5,5,1,127,127,-0.002034543272054872,0.03035981813422114,0.007858689788699273,0.10509760635901066,0.004036634710372511,0.09421389431166297,0.009325904512672047,-0.01042008305613794,0.026137462633536487,0.008360131239489591,-0.012349222519027085,0.02042249193977211
Q5,5,2,127,127,0.001447495576590637,0.026759534096174865,0.00930618536528991,0.1045885180874262,0.005484130286963147,0.09408165225735254,0.00928073023350626,-0.00888404589238236,0.027496416622962178,0.0083483966547185,-0.010878727156285111,0.021846987730211407
Q5,5,3,127,127,-8.032025736417433e-4,0.020459463278057026,0.008502982791648166,0.11015024436790477,0.004680927713321405,0.09832561920500422,0.009774253635363593,-0.010654554333664478,0.02766051991696081,0.008724987824393056,-0.012420048422488983,0.02178190384913179
Q5,5,4,127,127,8.162584863446785e-4,0.023074220573827797,0.009319241277992843,0.11578956218927312,0.005497186199666083,0.10446765430316485,0.010274662173109343,-0.010819096581301469,0.029457579137287155,0.009270005306934562,-0.012672024201925657,0.023666396601257824
Q5,5,5,127,127,5.810939227844646e-4,0.024530803958140897,0.009900335200777308,0.11294965744071138,0.006078280122450547,0.10369646958490474,0.010022661376633544,-0.009744081097424438,0.029544751498979054,0.009201573728963528,-0.011956804386317965,0.02411336463121906
