market_id,signal_bin,signal_bin_id,signal_value,release_dt_ny,purchase_date,event_trading_date,est_n,alpha,beta,sigma,status
1069148,0.8-1.0,5,0.8415,2026-01-13T11:48:00Z,2026-01-12,2026-01-13,141,0.00024748589079019717,0.9555816226227969,0.008766289850147869,ok
1069149,0.8-1.0,5,0.91,2026-01-13T13:30:00Z,2026-01-12,2026-01-13,141,9.701078626823189e-4,0.7327079616804186,0.009067599788781695,ok
1069150,0.6-0.8,4,0.67,2026-01-13T11:30:00Z,2026-01-12,2026-01-13,141,-4.059973023505102e-4,1.9732738535022896,0.021736987884682445,ok
1099134,0.8-1.0,5,0.87,2026-01-14T11:45:00Z,2026-01-13,2026-01-14,141,4.578141394250752e-4,0.9998455510300621,0.010495394047476528,ok
1099135,0.6-0.8,4,0.795,2026-01-14T12:00:00Z,2026-01-13,2026-01-14,141,-1.5591629980804994e-4,1.073274210547498,0.013281355080350412,ok
1099148,0.4-0.6,3,0.48,2026-01-14T13:00:02Z,2026-01-13,2026-01-14,141,9.20931268428891e-4,1.3120230400960047,0.011102260945766275,ok
1099149,0.6-0.8,4,0.68,2026-01-15T12:30:00Z,2026-01-14,2026-01-15,141,7.06199616500897e-4,1.2433243668875613,0.009510862765872926,ok
1099181,0.8-1.0,5,0.915,2026-01-15T12:30:00Z,2026-01-14,2026-01-15,141,8.477284240913162e-4,1.35583709619699,0.01061728195218457,ok
1099182,0.6-0.8,4,0.795,2026-01-16T11:34:19Z,2026-01-15,2026-01-16,142,-1.8144856320601588e-4,0.9892176680309303,0.010601732938698585,ok
1099187,0.2-0.4,2,0.325,2026-01-16T12:30:00Z,2026-01-15,2026-01-16,142,2.508316529449628e-4,1.2964126516900136,0.011485327313190245,ok
1099457,0.6-0.8,4,0.725,2026-01-16T10:30:00Z,2026-01-15,2026-01-16,142,-6.901554558253983e-4,1.037397979017684,0.011424674147596223,ok
1118155,0.8-1.0,5,0.81,2026-01-20T21:00:00Z,2026-01-20,2026-01-21,140,4.569401977693394e-5,1.6285057534314533,0.018859144839727494,ok
1118156,0.6-0.8,4,0.77,2026-01-20T21:00:00Z,2026-01-20,2026-01-21,140,9.374436703232024e-5,2.354239357308146,0.024204445933932842,ok
1118157,0.6-0.8,4,0.75,2026-01-20T22:00:03Z,2026-01-20,2026-01-21,140,-3.638619779491055e-4,1.2985659716916704,0.013747624360797666,ok
1118261,0.4-0.6,3,0.56,2026-01-22T21:00:00Z,2026-01-22,2026-01-23,74,NA,NA,NA,too_few_estimation_obs
1118262,0.8-1.0,5,0.8150000000000001,2026-01-20T21:00:00Z,2026-01-20,2026-01-21,140,-0.0017059827389540282,0.6192106954927172,0.01804419477354328,ok
1118263,0.6-0.8,4,0.79,2026-01-20T11:45:00Z,2026-01-16,2026-01-20,140,-8.312682776504378e-5,1.0984153760336635,0.010921950259288023,ok
1118342,0.6-0.8,4,0.72,2026-01-20T11:30:00Z,2026-01-16,2026-01-20,140,-1.2141026470418879e-4,1.2010504685460528,0.012730040999530212,ok
1118343,0.8-1.0,5,0.85,2026-01-20T11:30:00Z,2026-01-16,2026-01-20,140,-5.504543554902912e-5,1.0167218463493986,0.013730722804347683,ok
1118344,0.6-0.8,4,0.665,2026-01-20T10:05:00Z,2026-01-16,2026-01-20,86,NA,NA,NA,too_few_estimation_obs
1125126,0.6-0.8,4,0.72,2026-01-21T13:30:00Z,2026-01-20,2026-01-21,140,-1.1342766636716441e-4,1.1479982329956193,0.011386448980058129,ok
1125566,0.8-1.0,5,0.8,2026-01-13T11:00:00Z,2026-01-12,2026-01-13,76,NA,NA,NA,too_few_estimation_obs
1125598,0.6-0.8,4,0.705,2026-01-15T11:00:00Z,2026-01-14,2026-01-15,141,-5.880582499930446e-4,1.1059954724761691,0.010875671851934412,ok
1125627,0.8-1.0,5,0.895,2026-01-21T12:30:00Z,2026-01-20,2026-01-21,140,-2.5912468901448637e-4,0.7057189588438038,0.011212714094387352,ok
1125915,0.8-1.0,5,0.865,2026-01-21T11:20:00Z,2026-01-20,2026-01-21,140,0.0020544300262137494,0.05328479768737245,0.009864247617086463,ok
1126021,0.6-0.8,4,0.75,2026-01-21T11:20:00Z,2026-01-20,2026-01-21,140,6.71583839790835e-4,1.415379345634236,0.012647732481866085,ok
1126184,0.6-0.8,4,0.765,2026-01-21T11:45:00Z,2026-01-20,2026-01-21,140,0.0016617850029115443,0.6864686189054421,0.023954896432676273,ok
1126201,0.6-0.8,4,0.785,2026-01-21T12:25:00Z,2026-01-20,2026-01-21,140,-3.7321670087268937e-4,1.623075753105842,0.013671242233725331,ok
1139368,0.6-0.8,4,0.68,2026-01-27T12:00:02Z,2026-01-26,2026-01-27,140,-9.57504603302665e-6,1.9951773189296986,0.02764332699625846,ok
1139580,0.8-1.0,5,0.92,2026-01-22T12:00:01Z,2026-01-21,2026-01-22,140,-0.001247979445057663,0.04708920441719472,0.009811822202430548,ok
1139906,0.8-1.0,5,0.89,2026-01-22T21:00:00Z,2026-01-22,2026-01-23,141,-3.1272965163103947e-4,1.5725863875457406,0.0132100484717048,ok
1139951,0.6-0.8,4,0.785,2026-01-22T11:30:00Z,2026-01-21,2026-01-22,140,-0.0012201124068929692,0.1957326895124403,0.013998136811395463,ok
1160451,0.6-0.8,4,0.745,2026-01-22T12:50:00Z,2026-01-21,2026-01-22,140,-9.600449636680688e-4,1.1956618519478748,0.012912127347943867,ok
1175891,0.8-1.0,5,0.835,2026-01-27T21:00:00Z,2026-01-27,2026-01-28,140,-8.117345492111584e-4,0.9745882639108666,0.01943674538539091,ok
1175892,0.4-0.6,3,0.56,2026-01-27T12:45:00Z,2026-01-26,2026-01-27,140,-2.0536102441245143e-4,0.5589980131936103,0.010389655495302625,ok
1198857,0.2-0.4,2,0.29,2026-01-29T12:20:00Z,2026-01-28,2026-01-29,140,2.85344692992485e-4,-0.04388584579847102,0.01586716700673546,ok
1198858,0.6-0.8,4,0.605,2026-01-21T21:05:00Z,2026-01-21,2026-01-22,140,-3.4659010008028507e-4,0.23650078332189467,0.012265344533512607,ok
1230449,0.8-1.0,5,0.88,2026-02-02T21:05:00Z,2026-02-02,2026-02-03,142,8.710776771972585e-4,2.44418363032315,0.02643335232281338,ok
1230450,0.6-0.8,4,0.795,2026-02-02T11:40:00Z,2026-01-30,2026-02-02,141,-7.392954755820488e-4,0.7976263736690239,0.01182823372344498,ok
1230451,0.8-1.0,5,0.895,2026-02-03T13:30:00Z,2026-02-02,2026-02-03,141,0.0010348091968726946,-0.0583107035945005,0.013861829001763743,ok
1230452,0.8-1.0,5,0.938,2026-02-03T11:45:00Z,2026-02-02,2026-02-03,141,1.650306094060241e-4,0.44348778698547897,0.016569666776771047,ok
1230453,0.4-0.6,3,0.48,2026-02-03T11:30:00Z,2026-02-02,2026-02-03,141,-7.881494237904339e-5,0.5751128845960533,0.016066558029213696,ok
1230454,0.6-0.8,4,0.63,2026-02-03T21:10:00Z,2026-02-03,2026-02-04,142,-0.002624477465061044,0.99196735417973,0.025802516609767213,ok
1230455,0.8-1.0,5,0.9,2026-02-04T13:00:00Z,2026-02-03,2026-02-04,141,0.0015040513565762715,0.5092022776393931,0.016467029336633764,ok
1237791,0.8-1.0,5,0.925,2026-02-04T12:00:00Z,2026-02-03,2026-02-04,141,-2.1146475931954113e-4,-0.22499880010992446,0.010770516370256292,ok
1237792,0.6-0.8,4,0.72,2026-02-04T21:30:00Z,2026-02-04,2026-02-05,142,2.029648435582247e-4,-0.06693124061194666,0.012682454577843179,ok
1237793,0.6-0.8,4,0.73,2026-02-04T21:05:00Z,2026-02-04,2026-02-05,142,3.173338414314348e-4,0.15347458208911025,0.010527478446866079,ok
1237794,0.6-0.8,4,0.7000000000000001,2026-02-04T12:00:00Z,2026-02-03,2026-02-04,141,4.949604017616946e-4,0.06878146864906118,0.01425827459497395,ok
1237795,0.6-0.8,4,0.775,2026-02-10T21:00:00Z,2026-02-10,2026-02-11,142,9.941588658642986e-4,1.0275060927721524,0.017965965448047988,ok
1238098,0.6-0.8,4,0.7000000000000001,2026-02-04T11:55:00Z,2026-02-03,2026-02-04,141,-0.001449701224084259,1.164882517606667,0.018307405555012875,ok
1238099,0.8-1.0,5,0.94,2026-02-04T21:00:00Z,2026-02-04,2026-02-05,142,-4.352690195403919e-4,1.7700117855336732,0.016544569674944817,ok
1238100,0.8-1.0,5,0.9405,2026-02-04T13:30:00Z,2026-02-03,2026-02-04,141,0.0013972361496167977,0.2695506642485303,0.018230445293401492,ok
1238101,0.6-0.8,4,0.605,2026-02-10T12:00:00Z,2026-02-09,2026-02-10,141,-0.0020676083927114956,1.2352763222527394,0.024403333787706205,ok
1238102,0.6-0.8,4,0.725,2026-02-04T11:45:00Z,2026-02-03,2026-02-04,141,0.0023902606253649395,0.5001533212731113,0.022711745733571,ok
1238115,0.2-0.4,2,0.23,2026-02-04T21:39:00Z,2026-02-04,2026-02-05,45,NA,NA,NA,too_few_estimation_obs
1238170,0.4-0.6,3,0.555,2026-01-28T21:00:00Z,2026-01-28,2026-01-29,141,4.548375953712418e-5,2.4795431842923166,0.02812929659323627,ok
1238190,0.8-1.0,5,0.969,2026-02-04T21:00:00Z,2026-02-04,2026-02-05,142,0.0028569715663669397,1.3456419152362495,0.015447028281330998,ok
1238195,0.8-1.0,5,0.895,2026-02-04T21:04:00Z,2026-02-04,2026-02-05,142,-0.0029630582360518514,2.5250822179153674,0.024877756279095,ok
1244865,0.8-1.0,5,0.87,2026-01-28T21:00:00Z,2026-01-28,2026-01-29,141,-0.0012049931832144025,1.4086352009016294,0.01790157507673993,ok
1244866,0.8-1.0,5,0.935,2026-01-29T21:00:00Z,2026-01-29,2026-01-30,141,0.0013624349433170378,0.9647531295590506,0.01183381525319634,ok
1244871,0.8-1.0,5,0.905,2026-01-28T21:00:00Z,2026-01-28,2026-01-29,141,-5.201179214893148e-4,0.8196893969235698,0.009474296759294966,ok
1244920,0.8-1.0,5,0.885,2026-01-28T21:08:00Z,2026-01-28,2026-01-29,140,3.677078981994285e-4,0.880072148226673,0.015444818088911457,ok
1244921,0.6-0.8,4,0.79,2026-01-28T11:32:53Z,2026-01-27,2026-01-28,140,-7.366654816295445e-4,0.021164732116587707,0.011816285564750093,ok
1244922,0.2-0.4,2,0.27,2026-01-28T12:45:00Z,2026-01-27,2026-01-28,140,-6.502619708265607e-4,0.7418976029990871,0.016725774174933324,ok
1244935,0.8-1.0,5,0.96,2026-01-29T21:05:00Z,2026-01-29,2026-01-30,141,-9.540700586252673e-4,0.7468181771146919,0.011831012119823524,ok
1244936,0.8-1.0,5,0.91,2026-01-29T13:30:00Z,2026-01-28,2026-01-29,140,-7.047219606056531e-4,0.6975106125463607,0.011828741163641987,ok
1244937,0.6-0.8,4,0.795,2026-01-30T11:30:00Z,2026-01-29,2026-01-30,141,-5.794997813432521e-4,0.18650237328668556,0.011892504712671307,ok
1244958,0.6-0.8,4,0.605,2026-01-30T11:15:00Z,2026-01-29,2026-01-30,141,2.872251316544563e-4,0.2264366417542502,0.011802431735120338,ok
1244959,0.8-1.0,5,0.875,2026-01-30T12:00:00Z,2026-01-29,2026-01-30,141,7.330306436747674e-4,1.2152948312861114,0.012720868729724388,ok
1244960,0.6-0.8,4,0.74,2026-01-30T11:30:00Z,2026-01-29,2026-01-30,141,6.901151731174947e-4,0.11039337494806725,0.012266639844061173,ok
1254012,0.6-0.8,4,0.64,2026-02-04T21:00:00Z,2026-02-04,2026-02-05,141,-6.90362405975701e-4,0.949782491687076,0.011647120995627556,ok
1254013,0.8-1.0,5,0.86,2026-02-04T11:30:00Z,2026-02-03,2026-02-04,141,-0.0019125150767718864,0.7300700222132169,0.01833424404607855,ok
1254014,0.8-1.0,5,0.9515,2026-02-05T21:01:00Z,2026-02-05,2026-02-06,142,-7.50980777124327e-4,1.6001021092411876,0.015555985221152091,ok
1254472,0.6-0.8,4,0.71,2026-02-05T13:30:00Z,2026-02-04,2026-02-05,141,2.5347274543130525e-4,0.38688667501467366,0.017084763855731433,ok
1254473,0.8-1.0,5,0.8300000000000001,2026-02-05T12:30:00Z,2026-02-04,2026-02-05,141,-0.0011117333718664657,0.3575678373647332,0.01016765068554131,ok
1254527,0.8-1.0,5,0.885,2026-02-04T21:00:00Z,2026-02-04,2026-02-05,142,-2.2121175525748076e-4,0.25426688800418695,0.014816057552219708,ok
1254528,0.6-0.8,4,0.795,2026-02-05T21:15:01Z,2026-02-05,2026-02-06,142,-9.084718649059266e-4,1.6859575363575707,0.023497939876309056,ok
1268876,0.8-1.0,5,0.865,2026-02-05T13:01:00Z,2026-02-04,2026-02-05,141,7.278464153344528e-4,1.3663923814156667,0.015233029207834498,ok
1268877,0.2-0.4,2,0.33,2026-02-05T21:00:00Z,2026-02-05,2026-02-06,142,-0.0015862969840532185,1.23250460043133,0.03038229631073932,ok
1268878,0.8-1.0,5,0.935,2026-02-05T21:06:00Z,2026-02-05,2026-02-06,142,0.0036983629275158672,1.8864887023009678,0.03890685532277353,ok
1268941,0.6-0.8,4,0.6950000000000001,2026-02-05T12:00:00Z,2026-02-04,2026-02-05,141,-0.0022360259555066534,0.18389876611304407,0.01659891967163,ok
1268968,0.8-1.0,5,0.86,2026-02-06T12:30:00Z,2026-02-05,2026-02-06,142,0.0010511766681877734,-0.2577667433415588,0.011554420825622141,ok
1270843,0.8-1.0,5,0.81,2026-02-05T11:00:00Z,2026-02-04,2026-02-05,141,-0.0013183942809921777,0.6148696693867849,0.02302219567777016,ok
1270844,0.6-0.8,4,0.73,2026-02-05T11:00:00Z,2026-02-04,2026-02-05,141,-0.0012693709344375852,1.5036251610796483,0.016699916202095825,ok
1271534,0.6-0.8,4,0.67,2026-02-09T13:30:00Z,2026-02-06,2026-02-09,141,-3.2720606277409573e-4,1.358618581436581,0.01776851986610166,ok
1271536,0.6-0.8,4,0.79,2026-02-09T21:15:01Z,2026-02-09,2026-02-10,141,-7.880167432213875e-4,1.7923391692731723,0.02857882601019392,ok
1273386,0.0-0.2,1,0.155,2026-02-05T13:00:01Z,2026-02-04,2026-02-05,141,7.471753070815791e-4,1.5714710220966182,0.016917206283226578,ok
1279292,0.8-1.0,5,0.8250000000000001,2026-02-10T13:30:00Z,2026-02-09,2026-02-10,141,0.0015502342799451495,0.2004593181393666,0.01565144871613727,ok
1279293,0.6-0.8,4,0.67,2026-02-10T21:00:00Z,2026-02-10,2026-02-11,141,5.30880807851391e-4,1.4490750859972785,0.031152081991325926,ok
1279298,0.8-1.0,5,0.855,2026-02-10T12:22:29Z,2026-02-09,2026-02-10,141,-2.1027668494153496e-5,0.2561433204234549,0.012534689367754131,ok
1279299,0.8-1.0,5,0.84,2026-02-10T21:00:00Z,2026-02-10,2026-02-11,142,6.639860432876891e-4,3.2819088745944582,0.03460211531660708,ok
1279474,0.8-1.0,5,0.905,2026-02-03T21:00:00Z,2026-02-03,2026-02-04,142,0.002449001700848998,2.6104429166340184,0.03384850361183786,ok
1279575,0.8-1.0,5,0.89,2026-02-10T11:55:00Z,2026-02-09,2026-02-10,141,8.02048535370357e-5,-0.12527316174674777,0.009530083807553493,ok
1279999,0.4-0.6,3,0.49,2026-02-10T07:00:00Z,2026-02-09,2026-02-10,141,0.0011045420555054414,0.15379444893655844,0.01446556244647575,ok
1280185,0.6-0.8,4,0.63,2026-02-12T21:30:00Z,2026-02-12,2026-02-13,142,6.066044590227925e-4,1.7353535351241847,0.036481000716756966,ok
1280186,0.6-0.8,4,0.755,2026-02-10T12:00:02Z,2026-02-09,2026-02-10,141,4.477812921279607e-4,0.9405265875311697,0.013737987636134109,ok
1280187,0.8-1.0,5,0.8250000000000001,2026-02-10T21:15:00Z,2026-02-10,2026-02-11,141,-7.580937027125661e-4,1.8380414582675442,0.02289233688228415,ok
1280188,0.8-1.0,5,0.88,2026-02-10T12:00:01Z,2026-02-09,2026-02-10,141,-9.658801157767554e-5,1.3653006961384886,0.03212286989836498,ok
1280193,0.6-0.8,4,0.74,2026-02-24T12:30:01Z,2026-02-23,2026-02-24,140,-0.002011430684063412,0.7410335473551833,0.014803886646722256,ok
1287872,0.6-0.8,4,0.73,2026-02-02T21:10:00Z,2026-02-02,2026-02-03,141,-6.63829306588297e-4,1.8211149945965228,0.01881857682950443,ok
1287877,0.8-1.0,5,0.865,2026-02-03T11:30:00Z,2026-02-02,2026-02-03,141,0.001707594434922927,0.41080924930126445,0.017568065398082564,ok
1287878,0.8-1.0,5,0.85,2026-02-03T12:01:16Z,2026-02-02,2026-02-03,141,-0.0026870225122014456,1.6853625530440024,0.018276645138669088,ok
1287904,0.6-0.8,4,0.635,2026-02-11T21:00:00Z,2026-02-11,2026-02-12,142,5.2571478548635454e-5,0.01465307512085917,0.01026955775204718,ok
1287905,0.8-1.0,5,0.925,2026-02-11T21:00:00Z,2026-02-11,2026-02-12,142,3.680056130685025e-4,0.8302135888997375,0.011571774324544534,ok
1287906,0.6-0.8,4,0.65,2026-02-11T12:35:00Z,2026-02-10,2026-02-11,141,-0.0012171560654908567,-0.02903165721300077,0.01431915170165391,ok
1288097,0.6-0.8,4,0.715,2026-02-05T21:15:00Z,2026-02-05,2026-02-06,142,3.1077631049874066e-5,1.2780213671974403,0.019682579896957975,ok
1288098,0.8-1.0,5,0.845,2026-02-11T11:00:00Z,2026-02-10,2026-02-11,141,4.6585720809445255e-4,0.6422864259708463,0.012787175393752986,ok
1288099,0.2-0.4,2,0.28,2026-02-11T21:00:00Z,2026-02-11,2026-02-12,141,-0.0014037591654633393,1.857611198537964,0.022450143961811934,ok
1292720,0.8-1.0,5,0.8250000000000001,2026-02-02T12:00:00Z,2026-01-30,2026-02-02,141,4.6004493420269394e-5,0.4548459389063723,0.01335146828423425,ok
1292721,0.6-0.8,4,0.73,2026-02-02T11:45:00Z,2026-01-30,2026-02-02,141,-4.0769313442937956e-4,1.5431142381885434,0.016494945844972186,ok
1293041,0.6-0.8,4,0.715,2026-02-11T11:58:00Z,2026-02-10,2026-02-11,141,-4.838218621975447e-4,0.5762018384184026,0.014896373270403862,ok
1293042,0.8-1.0,5,0.8300000000000001,2026-02-12T21:01:00Z,2026-02-12,2026-02-13,142,NA,NA,NA,incomplete_event_window
1293043,0.2-0.4,2,0.305,2026-02-12T21:06:00Z,2026-02-12,2026-02-13,142,NA,NA,NA,incomplete_event_window
1293048,0.2-0.4,2,0.265,2026-02-12T21:01:00Z,2026-02-12,2026-02-13,142,NA,NA,NA,incomplete_event_window
1293440,0.4-0.6,3,0.505,2026-02-12T21:03:00Z,2026-02-12,2026-02-13,142,NA,NA,NA,incomplete_event_window
1293442,0.6-0.8,4,0.73,2026-02-12T21:05:00Z,2026-02-12,2026-02-13,142,NA,NA,NA,incomplete_event_window
1293448,0.4-0.6,3,0.41,2026-02-12T21:03:00Z,2026-02-12,2026-02-13,142,NA,NA,NA,incomplete_event_window
1293473,0.8-1.0,5,0.81,2026-02-12T06:00:00Z,2026-02-11,2026-02-12,141,-7.080294261239118e-4,0.17807861086527413,0.01643850946764571,ok
1293498,0.2-0.4,2,0.33,2026-02-12T21:15:01Z,2026-02-12,2026-02-13,142,-0.0010032324237204144,1.0882330629005592,0.026241511591517504,ok
1293499,0.8-1.0,5,0.93,2026-02-12T21:00:00Z,2026-02-12,2026-02-13,142,NA,NA,NA,incomplete_event_window
1293861,0.8-1.0,5,0.89,2026-02-17T21:00:00Z,2026-02-17,2026-02-18,141,-0.0015630637077862998,1.2025455839281896,0.01702098237946743,ok
1293905,0.2-0.4,2,0.385,2026-02-12T11:55:00Z,2026-02-11,2026-02-12,141,5.26282891739757e-4,1.0518323310435012,0.016978453841461034,ok
1321183,0.6-0.8,4,0.76,2026-02-05T13:30:00Z,2026-02-04,2026-02-05,141,-9.560362747105278e-4,1.5883195794865173,0.01731233025665409,ok
1321184,0.8-1.0,5,0.885,2026-02-05T11:00:00Z,2026-02-04,2026-02-05,141,0.002061676926787662,1.6339020838449627,0.02373002485320855,ok
1321185,0.4-0.6,3,0.405,2026-02-05T21:15:00Z,2026-02-05,2026-02-06,142,-0.0012227159440189605,0.8112301086425844,0.01324822250483348,ok
1321186,0.6-0.8,4,0.61,2026-02-05T12:00:01Z,2026-02-04,2026-02-05,141,-0.002244986411520025,2.448807293260244,0.03870912727121768,ok
1321392,0.4-0.6,3,0.585,2026-02-06T11:55:00Z,2026-02-05,2026-02-06,142,-0.0031528035496484067,0.9700907152706657,0.027756802144480775,ok
1321395,0.8-1.0,5,0.8,2026-02-09T21:05:00Z,2026-02-09,2026-02-10,142,-0.0016248325338663265,0.7993927284163231,0.015727985532028314,ok
1321400,0.6-0.8,4,0.675,2026-02-09T21:05:00Z,2026-02-09,2026-02-10,142,-0.0023975710557983822,3.251896256405483,0.07288702467383064,ok
1321401,0.8-1.0,5,0.84,2026-02-09T21:05:00Z,2026-02-09,2026-02-10,142,-0.0015006546403780285,1.8313798832109214,0.023556488678735513,ok
1321402,0.8-1.0,5,0.8200000000000001,2026-02-10T11:00:01Z,2026-02-09,2026-02-10,141,0.0016254413867377796,1.0964360161281284,0.015651626234542103,ok
1321481,0.6-0.8,4,0.6900000000000001,2026-02-10T13:00:01Z,2026-02-09,2026-02-10,141,-3.060966672151725e-4,0.260433304269514,0.014624885055996916,ok
1321482,0.8-1.0,5,0.855,2026-02-11T21:05:00Z,2026-02-11,2026-02-12,142,0.002041602851026795,2.2035338429195366,0.033905499363180325,ok
1321483,0.6-0.8,4,0.6950000000000001,2026-02-11T11:00:00Z,2026-02-10,2026-02-11,141,6.209932638944447e-4,0.5563157304347821,0.027736848407274917,ok
1321484,0.8-1.0,5,0.8150000000000001,2026-02-11T12:00:00Z,2026-02-10,2026-02-11,141,-7.616114959778172e-4,0.17519792467070874,0.014839516007735257,ok
1321485,0.8-1.0,5,0.85,2026-02-11T21:05:00Z,2026-02-11,2026-02-12,142,-0.0037491468823767863,1.276131610657465,0.02627759866010109,ok
1321486,0.6-0.8,4,0.7000000000000001,2026-02-09T21:30:00Z,2026-02-09,2026-02-10,141,-0.0016332032588709383,0.5388644513658271,0.029459754298251307,ok
1321489,0.4-0.6,3,0.58,2026-02-12T11:45:00Z,2026-02-11,2026-02-12,141,-6.56574851225435e-4,0.6574092742948789,0.013208199068676648,ok
1321491,0.6-0.8,4,0.745,2026-02-12T21:05:01Z,2026-02-12,2026-02-13,142,NA,NA,NA,incomplete_event_window
1321492,0.6-0.8,4,0.605,2026-02-12T13:12:00Z,2026-02-11,2026-02-12,141,-0.0013797987199492153,0.9136592917713058,0.013863958882115095,ok
1321493,0.6-0.8,4,0.715,2026-02-12T12:05:00Z,2026-02-11,2026-02-12,141,-0.0016678182381945133,2.4050305881449905,0.02990036888285777,ok
1326168,0.6-0.8,4,0.78,2026-02-11T12:00:05Z,2026-02-10,2026-02-11,141,0.005473604019695691,2.8764423968709414,0.02773144565356864,ok
1326457,0.4-0.6,3,0.5750000000000001,2026-02-13T12:00:00Z,2026-02-12,2026-02-13,142,-0.0022818508208788508,0.2973117412765565,0.02217588333814417,ok
1326458,0.6-0.8,4,0.725,2026-02-13T12:00:00Z,2026-02-12,2026-02-13,142,-5.826141709422563e-4,1.6591901180099795,0.034722514284036374,ok
1326501,0.8-1.0,5,0.845,2026-02-17T11:50:00Z,2026-02-13,2026-02-17,140,-5.114248680799489e-4,0.3638514124953636,0.014268430892230826,ok
1326546,0.0-0.2,1,0.165,2026-02-17T12:00:01Z,2026-02-13,2026-02-17,140,-2.973113346982927e-4,0.2249753531311046,0.013326877592907975,ok
1326547,0.2-0.4,2,0.245,2026-02-17T21:01:00Z,2026-02-17,2026-02-18,141,-0.001920346961772147,1.4789034731614765,0.028736609599596587,ok
1326576,0.8-1.0,5,0.8150000000000001,2026-02-17T12:00:01Z,2026-02-13,2026-02-17,140,-0.002344200731157161,0.9880229440370474,0.020822044533707836,ok
1339362,0.6-0.8,4,0.67,2026-02-17T21:15:01Z,2026-02-17,2026-02-18,141,-7.943781784050097e-4,0.9655664100207298,0.025709855217535476,ok
1339376,0.4-0.6,3,0.58,2026-02-18T21:19:00Z,2026-02-18,2026-02-19,141,-0.001382696848158405,1.6432617799203793,0.026624643435552646,ok
1339377,0.6-0.8,4,0.795,2026-02-18T12:00:00Z,2026-02-17,2026-02-18,140,1.1556106780364928e-4,0.7296878392443898,0.012939256359363382,ok
1339469,0.2-0.4,2,0.21,2026-02-18T21:05:00Z,2026-02-18,2026-02-19,141,-9.082499590140201e-4,1.4918828607694714,0.024942191078263384,ok
1339470,0.8-1.0,5,0.835,2026-02-18T12:45:00Z,2026-02-17,2026-02-18,140,-0.0025628308061304526,0.9065323563486165,0.03731799484207787,ok
1339476,0.4-0.6,3,0.515,2026-02-18T21:05:00Z,2026-02-18,2026-02-19,141,0.0011550147767608245,2.1328494971555054,0.03429992345666136,ok
1339583,0.8-1.0,5,0.89,2026-02-18T12:00:00Z,2026-02-17,2026-02-18,140,1.5778067916227522e-4,1.399009602171904,0.013678230004845486,ok
1339584,0.6-0.8,4,0.76,2026-02-18T21:15:00Z,2026-02-18,2026-02-19,141,-7.842618472868235e-4,0.18420590100282794,0.01869109456625758,ok
1339585,0.6-0.8,4,0.785,2026-02-18T12:00:01Z,2026-02-17,2026-02-18,140,-0.001079210371586738,1.2574669891297892,0.015334453741928052,ok
1339586,0.8-1.0,5,0.9505,2026-02-18T21:00:00Z,2026-02-18,2026-02-19,103,NA,NA,NA,too_few_estimation_obs
1339587,0.8-1.0,5,0.875,2026-02-18T12:00:00Z,2026-02-17,2026-02-18,140,0.0014962598412416636,1.1291674337085258,0.023848336413524227,ok
1339766,0.4-0.6,3,0.53,2026-02-19T11:22:24Z,2026-02-18,2026-02-19,140,-9.393049817194587e-4,0.4910326755892183,0.01445981793665698,ok
1339770,0.2-0.4,2,0.25,2026-02-19T21:03:00Z,2026-02-19,2026-02-20,141,-6.982053631512474e-4,0.3707102275105768,0.01585123402926925,ok
1339772,0.4-0.6,3,0.595,2026-02-19T21:01:01Z,2026-02-19,2026-02-20,141,-1.270972784013124e-4,1.2403597618753213,0.01653022256299937,ok
1339773,0.0-0.2,1,0.12,2026-02-19T21:05:03Z,2026-02-19,2026-02-20,141,0.019345031321458376,4.694748880086318,0.12369397937130581,ok
1339782,0.8-1.0,5,0.925,2026-02-19T21:01:00Z,2026-02-19,2026-02-20,141,1.8580912350005354e-5,0.8736015176768034,0.019575609909236947,ok
1339788,0.8-1.0,5,0.89,2026-02-19T12:00:00Z,2026-02-18,2026-02-19,18,NA,NA,NA,too_few_estimation_obs
1339793,0.8-1.0,5,0.86,2026-02-19T21:37:31Z,2026-02-19,2026-02-20,141,1.9829641561758957e-4,-0.3091791627017856,0.009805636497626743,ok
1339807,0.8-1.0,5,0.94,2026-02-19T21:04:00Z,2026-02-19,2026-02-20,141,-9.479423169296056e-4,0.7553803187908735,0.017043347017519857,ok
1352087,0.6-0.8,4,0.66,2026-02-19T21:00:00Z,2026-02-19,2026-02-20,141,-2.2685070206929968e-5,0.5259480122812314,0.014769369388548694,ok
1360921,0.4-0.6,3,0.46,2026-02-23T11:05:00Z,2026-02-20,2026-02-23,140,-6.178355297708867e-4,0.03551079409834908,0.014091799258768734,ok
1360922,0.6-0.8,4,0.77,2026-02-23T21:05:00Z,2026-02-23,2026-02-24,141,-0.005552626548745889,2.3424236989852427,0.05397889783192892,ok
1360923,0.4-0.6,3,0.55,2026-02-23T21:01:00Z,2026-02-23,2026-02-24,141,-8.461991323222578e-4,2.744204202339635,0.05145749811290629,ok
1360933,0.8-1.0,5,0.805,2026-03-04T10:14:43Z,2026-03-03,2026-03-04,141,NA,NA,NA,incomplete_event_window
1362677,0.2-0.4,2,0.395,2026-02-24T21:02:00Z,2026-02-24,2026-02-25,141,-0.002665931246217885,0.6871938235850208,0.019323770017339877,ok
1362683,0.6-0.8,4,0.795,2026-02-24T11:00:01Z,2026-02-23,2026-02-24,140,-2.5981533748723497e-5,0.5485038213150528,0.0136808189876683,ok
1362778,0.8-1.0,5,0.865,2026-02-24T11:00:00Z,2026-02-23,2026-02-24,140,-0.0012539597783102414,1.7414419174682598,0.022258804068242252,ok
1363685,0.8-1.0,5,0.9515,2026-02-25T21:00:00Z,2026-02-25,2026-02-26,141,1.66570620818749e-4,1.7474528565009932,0.016562074964243664,ok
1363711,0.6-0.8,4,0.645,2026-02-25T21:05:01Z,2026-02-25,2026-02-26,141,0.0010612749564460015,0.6354146590982129,0.020081667227952408,ok
1363712,0.2-0.4,2,0.275,2026-02-25T21:05:06Z,2026-02-25,2026-02-26,142,-5.957206192302274e-4,1.131579282314435,0.019557981004956728,ok
1363713,0.8-1.0,5,0.87,2026-02-25T21:01:00Z,2026-02-25,2026-02-26,141,-0.0013710464555048067,0.8888333885315621,0.018665162895993438,ok
1367585,0.8-1.0,5,0.89,2026-02-18T21:05:00Z,2026-02-18,2026-02-19,141,8.034678293039985e-4,0.6648973803259527,0.025603091039412645,ok
1367586,0.8-1.0,5,0.92,2026-02-25T21:05:02Z,2026-02-25,2026-02-26,141,-0.0014336675313011726,1.6468174813722443,0.028155911066098882,ok
1367587,0.6-0.8,4,0.655,2026-02-25T11:00:00Z,2026-02-24,2026-02-25,141,0.0011893306525683003,0.5587482779027093,0.014269547834978856,ok
1367628,0.2-0.4,2,0.295,2026-02-25T21:05:01Z,2026-02-25,2026-02-26,142,7.712527049664738e-4,0.5873144862485503,0.018457063461480867,ok
1367670,0.2-0.4,2,0.355,2026-02-24T21:05:03Z,2026-02-24,2026-02-25,141,0.0010795968382013746,3.6815469851037603,0.06734957144522803,ok
1367779,0.2-0.4,2,0.39,2026-02-25T21:00:00Z,2026-02-25,2026-02-26,141,2.843571898274773e-4,0.6028599844499174,0.047912897074657276,ok
1369095,0.2-0.4,2,0.30000000000000004,2026-02-25T13:00:02Z,2026-02-24,2026-02-25,141,-8.710219677639784e-4,0.6138686769792593,0.020237608249381454,ok
1369192,0.6-0.8,4,0.765,2026-02-26T11:00:00Z,2026-02-25,2026-02-26,141,-0.0013433916669212075,2.4183669307697087,0.03557416905784097,ok
1369194,0.6-0.8,4,0.77,2026-02-25T21:01:00Z,2026-02-25,2026-02-26,142,-0.004047864482065352,0.744099153030456,0.04155643693837703,ok
1369345,0.8-1.0,5,0.9,2026-02-26T21:01:00Z,2026-02-26,2026-02-27,142,NA,NA,NA,incomplete_event_window
1369346,0.8-1.0,5,0.935,2026-02-24T21:01:00Z,2026-02-24,2026-02-25,141,-0.0016792593809940523,0.8049125049735222,0.01890368941454329,ok
1369348,0.8-1.0,5,0.8,2026-02-25T21:05:01Z,2026-02-25,2026-02-26,141,-6.35720481849528e-4,3.2014332100420297,0.050970708515457305,ok
1369365,0.8-1.0,5,0.92,2026-02-26T21:00:00Z,2026-02-26,2026-02-27,142,NA,NA,NA,incomplete_event_window
1369367,0.2-0.4,2,0.295,2026-02-24T21:00:00Z,2026-02-24,2026-02-25,141,-0.002256910702946357,1.3727937799685435,0.01871705323366638,ok
1369373,0.8-1.0,5,0.915,2026-02-26T21:05:00Z,2026-02-26,2026-02-27,142,NA,NA,NA,incomplete_event_window
1369644,0.2-0.4,2,0.37,2026-02-26T21:05:01Z,2026-02-26,2026-02-27,142,NA,NA,NA,incomplete_event_window
1369645,0.6-0.8,4,0.745,2026-02-26T21:05:06Z,2026-02-26,2026-02-27,142,NA,NA,NA,incomplete_event_window
1369646,0.2-0.4,2,0.375,2026-02-26T11:45:00Z,2026-02-25,2026-02-26,141,6.611562278129747e-4,2.0452037719345637,0.03930112064837134,ok
1369669,0.6-0.8,4,0.7000000000000001,2026-02-26T21:03:00Z,2026-02-26,2026-02-27,142,NA,NA,NA,incomplete_event_window
1369670,0.6-0.8,4,0.64,2026-02-26T12:00:01Z,2026-02-25,2026-02-26,141,-0.0034103522263236024,1.4406248504175105,0.02518719414486214,ok
1369671,0.8-1.0,5,0.84,2026-02-26T12:00:01Z,2026-02-25,2026-02-26,141,-6.081911218902992e-4,0.9504023445670224,0.022448506677873355,ok
1369672,0.6-0.8,4,0.62,2026-02-26T12:00:01Z,2026-02-25,2026-02-26,141,-0.002549946406396862,1.0286146299392382,0.028306584467413673,ok
1369679,0.8-1.0,5,0.925,2026-02-19T21:00:00Z,2026-02-19,2026-02-20,135,8.160644816514552e-4,0.7676541795352547,0.025658869431292863,ok
1370976,0.4-0.6,3,0.4,2026-02-26T12:00:01Z,2026-02-25,2026-02-26,141,-2.0665336019488123e-5,1.50167134325519,0.020845935534989334,ok
1371036,0.8-1.0,5,0.865,2026-02-26T21:06:00Z,2026-02-26,2026-02-27,142,NA,NA,NA,incomplete_event_window
1371096,0.4-0.6,3,0.505,2026-02-26T13:00:01Z,2026-02-25,2026-02-26,141,0.003986018175324316,0.7974660385135438,0.036045720581095383,ok
1386902,0.2-0.4,2,0.325,2026-02-26T11:45:00Z,2026-02-25,2026-02-26,141,0.0027238316702990536,1.823728160101188,0.04693511420298515,ok
1387000,0.6-0.8,4,0.72,2026-02-25T21:05:07Z,2026-02-25,2026-02-26,141,-1.6023613491638528e-5,1.069363305248136,0.02973012654540652,ok
1387101,0.8-1.0,5,0.84,2026-02-26T21:10:00Z,2026-02-26,2026-02-27,142,NA,NA,NA,incomplete_event_window
1387102,0.8-1.0,5,0.8150000000000001,2026-02-26T11:30:00Z,2026-02-25,2026-02-26,141,-0.0017080683006627721,1.1009247407735285,0.025377592312987928,ok
1390924,0.4-0.6,3,0.595,2026-02-23T12:41:00Z,2026-02-20,2026-02-23,139,-0.006199624744582249,1.3036693780385318,0.02939029590366206,ok
1399646,0.8-1.0,5,0.934,2026-03-02T21:05:00Z,2026-03-02,2026-03-03,141,NA,NA,NA,incomplete_event_window
1399647,0.8-1.0,5,0.84,2026-03-02T21:05:00Z,2026-03-02,2026-03-03,142,NA,NA,NA,incomplete_event_window
1399648,0.8-1.0,5,0.81,2026-03-03T11:30:00Z,2026-03-02,2026-03-03,141,NA,NA,NA,incomplete_event_window
1399734,0.6-0.8,4,0.735,2026-03-03T12:00:01Z,2026-03-02,2026-03-03,141,NA,NA,NA,incomplete_event_window
1399738,0.8-1.0,5,0.895,2026-03-03T21:05:00Z,2026-03-03,2026-03-04,142,NA,NA,NA,incomplete_event_window
1399742,0.4-0.6,3,0.5650000000000001,2026-03-03T21:05:00Z,2026-03-03,2026-03-04,141,NA,NA,NA,incomplete_event_window
1403447,0.8-1.0,5,0.925,2026-03-03T21:05:00Z,2026-03-03,2026-03-04,141,NA,NA,NA,incomplete_event_window
1403452,0.4-0.6,3,0.425,2026-03-03T11:55:00Z,2026-03-02,2026-03-03,141,NA,NA,NA,incomplete_event_window
1403494,0.6-0.8,4,0.72,2026-03-04T11:55:00Z,2026-03-03,2026-03-04,141,NA,NA,NA,incomplete_event_window
1403495,0.8-1.0,5,0.954,2026-03-04T21:15:00Z,2026-03-04,2026-03-05,142,NA,NA,NA,incomplete_event_window
1403496,0.8-1.0,5,0.945,2026-03-04T21:01:00Z,2026-03-04,2026-03-05,141,NA,NA,NA,incomplete_event_window
1403497,0.4-0.6,3,0.59,2026-03-04T21:05:00Z,2026-03-04,2026-03-05,142,NA,NA,NA,incomplete_event_window
1403526,0.6-0.8,4,0.745,2026-03-04T12:30:00Z,2026-03-03,2026-03-04,141,NA,NA,NA,incomplete_event_window
1403851,0.6-0.8,4,0.605,2026-02-26T21:05:08Z,2026-02-26,2026-02-27,142,NA,NA,NA,incomplete_event_window
1403852,0.4-0.6,3,0.435,2026-03-05T21:15:00Z,2026-03-05,NA,NA,NA,NA,NA,missing_event_day
1403853,0.8-1.0,5,0.9545,2026-03-05T21:15:00Z,2026-03-05,NA,NA,NA,NA,NA,missing_event_day
1404328,0.8-1.0,5,0.915,2026-03-05T12:00:03Z,2026-03-04,2026-03-05,141,NA,NA,NA,incomplete_event_window
1404329,0.8-1.0,5,0.925,2026-03-05T21:10:00Z,2026-03-05,NA,NA,NA,NA,NA,missing_event_day
1404330,0.0-0.2,1,0.135,2026-03-05T21:05:00Z,2026-03-05,NA,NA,NA,NA,NA,missing_event_day
1404331,0.8-1.0,5,0.92,2026-03-05T21:05:00Z,2026-03-05,NA,NA,NA,NA,NA,missing_event_day
1404416,0.8-1.0,5,0.845,2026-03-03T12:00:04Z,2026-03-02,2026-03-03,141,NA,NA,NA,incomplete_event_window
1404417,0.6-0.8,4,0.72,2026-03-05T21:05:48Z,2026-03-05,NA,NA,NA,NA,NA,missing_event_day
1419057,0.2-0.4,2,0.305,2026-02-26T13:30:00Z,2026-02-25,2026-02-26,141,0.0064789666517321666,1.198843665672744,0.03696737240867197,ok
1420756,0.8-1.0,5,0.8,2026-03-05T11:45:00Z,2026-03-04,2026-03-05,141,NA,NA,NA,incomplete_event_window
1420842,0.8-1.0,5,0.855,2026-03-05T11:45:00Z,2026-03-04,2026-03-05,141,NA,NA,NA,incomplete_event_window
1428532,0.6-0.8,4,0.635,2026-03-04T21:05:00Z,2026-03-04,2026-03-05,141,NA,NA,NA,incomplete_event_window
1428533,0.0-0.2,1,0.195,2026-03-04T21:15:00Z,2026-03-04,2026-03-05,86,NA,NA,NA,too_few_estimation_obs
1428903,0.4-0.6,3,0.515,2026-02-26T11:00:00Z,2026-02-25,2026-02-26,141,3.835789447392964e-4,1.692024322851264,0.03495701706965641,ok
1494761,0.4-0.6,3,0.54,2026-03-05T21:05:02Z,2026-03-05,NA,NA,NA,NA,NA,missing_event_day
549606,0.8-1.0,5,0.86,2025-06-05T20:15:05Z,2025-06-05,2025-06-06,77,NA,NA,NA,too_few_estimation_obs
598104,0.6-0.8,4,0.73,2025-09-17T11:00:01Z,2025-09-16,2025-09-17,141,-0.0011953146126570452,0.12756102115447207,0.015630330262675192,ok
598105,0.6-0.8,4,0.715,2025-09-18T10:00:00Z,2025-09-17,2025-09-18,141,-0.0013921623365176245,0.6392603227250148,0.011587623112168039,ok
598106,0.6-0.8,4,0.705,2025-09-18T20:02:00Z,2025-09-18,2025-09-19,142,-0.001878024060767807,1.0959836206586635,0.01793238184032054,ok
598107,0.8-1.0,5,0.855,2025-09-23T20:01:02Z,2025-09-23,2025-09-24,141,8.336127439526901e-4,2.136941544051387,0.02585107435917113,ok
598110,0.6-0.8,4,0.77,2025-09-25T10:39:00Z,2025-09-24,2025-09-25,141,-0.0029257688063848244,0.8319975337989872,0.01525135725440091,ok
598111,0.8-1.0,5,0.85,2025-09-25T11:30:01Z,2025-09-24,2025-09-25,141,0.0014211260503162123,1.4645315424679877,0.01701115734472442,ok
599650,0.0-0.2,1,0.0635,2025-10-21T20:10:00Z,2025-10-21,2025-10-22,124,-0.0012298496294108534,0.8418285772834104,0.012822169162878911,ok
599651,0.6-0.8,4,0.77,2025-09-23T20:00:00Z,2025-09-23,2025-09-24,141,-5.97130396587442e-4,1.136817134581665,0.023680838629712236,ok
599652,0.8-1.0,5,0.885,2025-09-29T20:02:00Z,2025-09-29,2025-09-30,142,-0.0012778752718201807,0.691759271456065,0.02057484860406635,ok
599915,0.6-0.8,4,0.605,2025-09-17T20:00:00Z,2025-09-17,2025-09-18,0,NA,NA,NA,too_few_estimation_obs
613036,0.4-0.6,3,0.535,2025-09-29T20:00:00Z,2025-09-29,2025-09-30,142,-0.002012777214559002,1.8048499300654008,0.017129080287690297,ok
613037,0.8-1.0,5,0.835,2025-09-30T20:15:00Z,2025-09-30,2025-10-01,143,2.0611250560990057e-4,1.112980181223653,0.025421170963774442,ok
613046,0.8-1.0,5,0.837,2025-10-31T10:30:00Z,2025-10-30,2025-10-31,144,-2.784117976106842e-4,0.6033461486585734,0.014164956886677496,ok
613049,0.8-1.0,5,0.88,2025-10-09T20:15:00Z,2025-10-09,2025-10-10,143,6.755484571550453e-4,1.5412490027858685,0.022211778972059063,ok
613050,0.8-1.0,5,0.918,2025-10-09T12:30:00Z,2025-10-08,2025-10-09,142,-1.6259573995864018e-4,0.24757112644737822,0.015228313794853846,ok
613051,0.8-1.0,5,0.875,2025-10-09T10:30:45Z,2025-10-08,2025-10-09,142,-0.001220050668528885,2.045170542368061,0.02410787564351893,ok
613052,0.8-1.0,5,0.89,2025-10-14T10:37:00Z,2025-10-13,2025-10-14,141,1.8331225954374886e-4,1.0362761036492794,0.009874131844541448,ok
613055,0.8-1.0,5,0.921,2025-10-14T11:00:00Z,2025-10-13,2025-10-14,141,-2.7788538204685234e-4,1.0664004597718053,0.013331569112755137,ok
613056,0.8-1.0,5,0.905,2025-10-14T11:30:00Z,2025-10-13,2025-10-14,141,2.5633786368189476e-4,1.3968940271654504,0.010218656485086563,ok
613057,0.8-1.0,5,0.8300000000000001,2025-10-14T12:47:00Z,2025-10-13,2025-10-14,142,6.302951371597977e-4,1.3030343496510228,0.012729941763644675,ok
613066,0.8-1.0,5,0.81,2025-10-14T10:05:00Z,2025-10-13,2025-10-14,142,-0.00018146498553214601,0.6008386945474582,0.015636502910299988,ok
613067,0.8-1.0,5,0.907,2025-10-14T10:20:00Z,2025-10-13,2025-10-14,141,0.0011181747847850594,0.08258222583212242,0.013584556879403147,ok
614609,0.8-1.0,5,0.845,2025-10-16T20:00:00Z,2025-10-16,2025-10-17,143,-2.8867283125826525e-5,1.7106764937795476,0.020132398249382708,ok
614613,0.8-1.0,5,0.895,2025-10-15T12:30:00Z,2025-10-14,2025-10-15,142,-3.11898654109825e-5,1.0636054503610277,0.01269271922508188,ok
614614,0.8-1.0,5,0.89,2025-10-15T11:28:00Z,2025-10-14,2025-10-15,142,-1.2926440659496172e-4,1.3762033906962465,0.010537748338007765,ok
614615,0.8-1.0,5,0.8250000000000001,2025-10-22T20:07:00Z,2025-10-22,2025-10-23,143,-1.7917697149874348e-4,2.307675012121052,0.03107357044240011,ok
614616,0.8-1.0,5,0.865,2025-10-16T11:30:00Z,2025-10-15,2025-10-16,142,8.960918480576451e-4,0.9219620342302933,0.010201268657022642,ok
614632,0.6-0.8,4,0.685,2025-09-30T12:30:00Z,2025-09-29,2025-09-30,142,-6.53064919374534e-4,0.4906221756716314,0.02570856697690472,ok
614635,0.8-1.0,5,0.885,2025-09-30T12:30:00Z,2025-09-29,2025-09-30,142,-1.957390127303312e-4,1.0995668046883695,0.030100953771601196,ok
614636,0.2-0.4,2,0.35000000000000003,2025-10-06T20:05:11Z,2025-10-06,2025-10-07,143,-8.65058932283749e-4,0.4803997032144556,0.016012395867351252,ok
614637,0.8-1.0,5,0.86,2025-10-07T10:30:38Z,2025-10-06,2025-10-07,142,-7.787387388203391e-4,0.416713360519884,0.014542467576771965,ok
614638,0.6-0.8,4,0.76,2025-10-21T20:03:00Z,2025-10-21,2025-10-22,143,-7.833193504042957e-4,0.8412686231970776,0.017099173838257063,ok
614639,0.4-0.6,3,0.415,2025-10-15T10:20:00Z,2025-10-14,2025-10-15,142,4.1629958412023956e-5,1.2984202433933552,0.013254324335704048,ok
614644,0.8-1.0,5,0.81,2025-10-15T11:30:13Z,2025-10-14,2025-10-15,142,1.153100503605489e-4,0.28020324901435273,0.01422033131592176,ok
614647,0.4-0.6,3,0.4,2025-10-22T20:05:00Z,2025-10-22,2025-10-23,142,-3.875678250612565e-5,0.6271515905015246,0.013345474807579572,ok
619465,0.6-0.8,4,0.79,2025-10-16T12:30:00Z,2025-10-15,2025-10-16,142,0.0011023325554717159,0.9415762630759064,0.009200416553309117,ok
619538,0.4-0.6,3,0.56,2025-10-16T10:30:29Z,2025-10-15,2025-10-16,142,1.3956026966718043e-4,1.2647474370130842,0.012556256343499845,ok
619541,0.6-0.8,4,0.75,2025-10-17T11:30:00Z,2025-10-16,2025-10-17,143,5.405747395337053e-4,1.144508042986709,0.011122438422056239,ok
619549,0.6-0.8,4,0.705,2025-10-16T10:45:00Z,2025-10-15,2025-10-16,142,-1.270826513794753e-4,1.0931886819973398,0.010823583332163407,ok
619556,0.8-1.0,5,0.925,2025-10-14T12:30:00Z,2025-10-13,2025-10-14,142,3.483007216356655e-4,1.1572480650853023,0.009304776400164085,ok
619557,0.6-0.8,4,0.635,2025-10-17T12:30:00Z,2025-10-16,2025-10-17,143,-5.518153976057135e-4,1.1814012043400248,0.011382944527882896,ok
619560,0.6-0.8,4,0.735,2025-10-21T10:30:00Z,2025-10-20,2025-10-21,142,-2.808424764468065e-4,1.1276486562266843,0.018814242608563084,ok
619852,0.6-0.8,4,0.7945,2025-10-14T10:00:05Z,2025-10-13,2025-10-14,62,NA,NA,NA,too_few_estimation_obs
619853,0.8-1.0,5,0.9,2025-10-07T20:00:00Z,2025-10-07,2025-10-08,142,7.711749571015972e-4,1.8383630592681508,0.02028283388039146,ok
619857,0.8-1.0,5,0.93,2025-10-08T20:00:00Z,2025-10-08,2025-10-09,143,0.0016881785643428548,1.1656628315425261,0.014651347811241573,ok
619980,0.8-1.0,5,0.925,2025-10-08T20:15:00Z,2025-10-08,2025-10-09,73,NA,NA,NA,too_few_estimation_obs
619983,0.8-1.0,5,0.9,2025-10-08T20:05:00Z,2025-10-08,2025-10-09,143,-0.003754506365549564,1.3384589911442117,0.027108628720915677,ok
619984,0.8-1.0,5,0.915,2025-10-09T20:05:00Z,2025-10-09,2025-10-10,143,0.00810209129056665,1.99870556383883,0.08385248240366099,ok
620021,0.2-0.4,2,0.33,2025-10-09T10:45:00Z,2025-10-08,2025-10-09,142,-0.0057285413074502755,1.446925706212514,0.04469057602845047,ok
620023,0.0-0.2,1,0.14,2025-10-09T11:00:00Z,2025-10-08,2025-10-09,142,-0.0031352139056922347,-0.34810140621047914,0.04674739621120216,ok
620032,0.6-0.8,4,0.79,2025-10-09T20:01:00Z,2025-10-09,2025-10-10,143,-0.004916483717454645,1.3459141583861904,0.03685655503321422,ok
620038,0.8-1.0,5,0.9,2025-10-09T12:00:01Z,2025-10-08,2025-10-09,142,-0.001455505887235138,1.5552180129950555,0.04678335043841602,ok
620048,0.6-0.8,4,0.755,2025-10-13T11:00:00Z,2025-10-10,2025-10-13,142,0.0018681701286679087,0.6995503377051218,0.01301489244086448,ok
620052,0.6-0.8,4,0.78,2025-10-20T20:00:00Z,2025-10-20,2025-10-21,142,-7.250187720311516e-4,1.0667361317950752,0.014634236938427475,ok
620069,0.8-1.0,5,0.81,2025-10-16T20:05:01Z,2025-10-16,2025-10-17,143,-5.016444983016731e-4,1.1698655021424231,0.015560081934694082,ok
627451,0.8-1.0,5,0.805,2025-10-17T11:00:00Z,2025-10-16,2025-10-17,143,-1.982396584557241e-4,1.430192713438808,0.010226842910670239,ok
627454,0.8-1.0,5,0.8250000000000001,2025-10-21T20:10:00Z,2025-10-21,2025-10-22,142,2.4482561420970166e-4,0.3237113297595927,0.012765964571719985,ok
627582,0.8-1.0,5,0.875,2025-10-21T10:55:00Z,2025-10-20,2025-10-21,142,-1.6798036774230324e-4,0.1108564579632811,0.010949019121698121,ok
627585,0.6-0.8,4,0.72,2025-10-21T20:05:00Z,2025-10-21,2025-10-22,143,2.5995698812713696e-4,1.317440824043652,0.015169554384037096,ok
627587,0.8-1.0,5,0.865,2025-10-21T10:30:00Z,2025-10-20,2025-10-21,142,0.0011085289294213085,0.9269411136961341,0.01885886666334766,ok
627639,0.4-0.6,3,0.45,2025-10-21T10:45:00Z,2025-10-20,2025-10-21,142,-0.001618709482704391,1.359488936517956,0.023064851054226336,ok
627649,0.6-0.8,4,0.6900000000000001,2025-10-21T11:29:00Z,2025-10-20,2025-10-21,142,3.849921659078148e-4,0.23435243517848675,0.017443382134097653,ok
627652,0.6-0.8,4,0.615,2025-10-21T20:05:00Z,2025-10-21,2025-10-22,142,-0.0016532656115235255,1.2116948393150269,0.023478828322442077,ok
627653,0.8-1.0,5,0.909,2025-10-21T11:00:00Z,2025-10-20,2025-10-21,142,6.645397247319859e-4,0.9596431063950338,0.009617366077882737,ok
627654,0.8-1.0,5,0.9,2025-10-21T20:01:00Z,2025-10-21,2025-10-22,142,8.770861959682425e-4,0.8995824265021874,0.01727559961662617,ok
627657,0.6-0.8,4,0.77,2025-10-21T12:30:00Z,2025-10-20,2025-10-21,142,0.001774363349741041,0.050649537597473614,0.019647227490274925,ok
627658,0.8-1.0,5,0.8250000000000001,2025-10-21T10:59:00Z,2025-10-20,2025-10-21,142,7.50429457592036e-4,0.14311837453616855,0.01592006647711667,ok
627659,0.2-0.4,2,0.32,2025-10-21T10:30:00Z,2025-10-20,2025-10-21,142,0.0016401503852514832,0.7278393917224839,0.022032413330540884,ok
627660,0.8-1.0,5,0.9195,2025-10-21T10:45:00Z,2025-10-20,2025-10-21,142,5.111755724168616e-4,0.2889193598816037,0.014292010556957575,ok
627663,0.8-1.0,5,0.86,2025-10-21T20:01:01Z,2025-10-21,2025-10-22,143,-2.503368932719064e-4,1.4170009427911932,0.021366918536642375,ok
627671,0.6-0.8,4,0.76,2025-10-22T12:30:00Z,2025-10-21,2025-10-22,142,-7.152178335821444e-4,1.1684468349126056,0.008660285647728833,ok
627672,0.4-0.6,3,0.5750000000000001,2025-10-30T11:30:00Z,2025-10-29,2025-10-30,143,-0.0013535751434349088,1.24669706510648,0.010546941680972723,ok
627673,0.6-0.8,4,0.745,2025-10-22T10:33:23Z,2025-10-21,2025-10-22,142,8.53372510286154e-4,0.19507789539797551,0.014613137688856206,ok
627694,0.4-0.6,3,0.59,2025-10-22T11:00:00Z,2025-10-21,2025-10-22,142,4.969308477089057e-4,-0.03939440679289457,0.01244413080253733,ok
627695,0.8-1.0,5,0.81,2025-10-22T20:01:00Z,2025-10-22,2025-10-23,142,-0.0016472662884520865,0.7039941219451467,0.019932204631597467,ok
627698,0.8-1.0,5,0.885,2025-10-29T10:45:00Z,2025-10-28,2025-10-29,143,0.0013832522171726364,1.8976390173972804,0.016031728103639238,ok
627735,0.6-0.8,4,0.79,2025-10-22T10:00:00Z,2025-10-21,2025-10-22,142,-2.400756142380735e-4,1.0568940572030066,0.010678574579458658,ok
627736,0.6-0.8,4,0.725,2025-10-22T20:08:00Z,2025-10-22,2025-10-23,143,-3.9125711453610293e-4,0.71485459331922,0.01524541938837249,ok
627739,0.6-0.8,4,0.6000000000000001,2025-10-23T11:00:03Z,2025-10-22,2025-10-23,142,-0.0019324316251400613,1.9862598670324514,0.02866546770616351,ok
627748,0.4-0.6,3,0.495,2025-10-23T20:15:00Z,2025-10-23,2025-10-24,143,-3.6658716480120234e-4,0.43061075367587437,0.019899546991039328,ok
627749,0.6-0.8,4,0.795,2025-10-29T10:30:00Z,2025-10-28,2025-10-29,143,2.156715291344481e-4,0.1567179426268781,0.014013779903845239,ok
627752,0.8-1.0,5,0.855,2025-10-21T10:30:25Z,2025-10-20,2025-10-21,142,-2.027691391766187e-4,1.1553694681283653,0.013282979924280139,ok
627753,0.4-0.6,3,0.47,2025-10-22T20:05:00Z,2025-10-22,2025-10-23,143,0.0012098045502129634,1.153366622602706,0.01846290349373041,ok
637819,0.6-0.8,4,0.705,2025-10-22T11:21:00Z,2025-10-21,2025-10-22,141,3.6013611508300475e-4,1.156178166124926,0.013458318032646969,ok
637843,0.4-0.6,3,0.405,2025-10-22T20:30:30Z,2025-10-22,2025-10-23,142,0.0015603941466210138,0.1890330636401164,0.013958889727628062,ok
637846,0.6-0.8,4,0.705,2025-10-29T10:09:41Z,2025-10-28,2025-10-29,143,-8.341644493911331e-4,0.4724287971337512,0.01688371311104707,ok
637847,0.2-0.4,2,0.38,2025-10-22T20:36:53Z,2025-10-22,2025-10-23,142,-5.754243636395539e-5,1.0982857271920856,0.010690756925067137,ok
637848,0.8-1.0,5,0.81,2025-10-22T20:01:00Z,2025-10-22,2025-10-23,142,-7.121105900069306e-5,1.0693488310998638,0.009018624516429246,ok
637859,0.8-1.0,5,0.805,2025-10-22T20:05:00Z,2025-10-22,2025-10-23,103,NA,NA,NA,too_few_estimation_obs
637863,0.4-0.6,3,0.415,2025-10-22T20:23:03Z,2025-10-22,2025-10-23,142,-3.162313497205519e-5,1.4798838236418592,0.022650077719368795,ok
637864,0.6-0.8,4,0.63,2025-10-23T10:20:00Z,2025-10-22,2025-10-23,142,1.1526445396561838e-4,0.7444702583736389,0.012989148209950027,ok
637865,0.6-0.8,4,0.62,2025-10-23T12:30:00Z,2025-10-22,2025-10-23,142,5.406839245860039e-5,1.66330981276668,0.014009368108289606,ok
637868,0.4-0.6,3,0.415,2025-10-23T10:55:00Z,2025-10-22,2025-10-23,142,0.00059745356339729785,1.0124718411694298,0.014326957648097289,ok
637869,0.6-0.8,4,0.63,2025-10-23T20:10:00Z,2025-10-23,2025-10-24,143,0.001977739455051907,1.0941697089115285,0.039252887070793364,ok
637870,0.4-0.6,3,0.445,2025-10-23T10:00:22Z,2025-10-22,2025-10-23,142,-0.0035544371632943946,1.492977285132353,0.027241088755976594,ok
637871,0.4-0.6,3,0.59,2025-10-23T20:05:00Z,2025-10-23,2025-10-24,143,0.0012863587593840782,0.8675377840890794,0.016246513351360133,ok
637874,0.4-0.6,3,0.5,2025-10-23T11:30:51Z,2025-10-22,2025-10-23,142,-9.109099844960406e-4,0.3622692180063394,0.017301267131601007,ok
637875,0.2-0.4,2,0.255,2025-11-04T12:00:06Z,2025-11-03,2025-11-04,143,-1.0748247190053888e-4,1.2473548266948753,0.02702166719167852,ok
637876,0.6-0.8,4,0.685,2025-10-23T12:30:00Z,2025-10-22,2025-10-23,142,0.0015105548106828298,1.1944157209896322,0.0211760560779809,ok
637877,0.8-1.0,5,0.8250000000000001,2025-10-23T10:00:01Z,2025-10-22,2025-10-23,142,-1.3651172804630341e-4,0.8603026776748927,0.011557320770042876,ok
637878,0.4-0.6,3,0.585,2025-10-23T20:01:00Z,2025-10-23,2025-10-24,143,-0.0010487351406436752,1.4163438235016337,0.032754100521447616,ok
637879,0.4-0.6,3,0.56,2025-10-23T10:00:00Z,2025-10-22,2025-10-23,142,-3.5494720022038224e-5,0.5807843044124387,0.017013775212499305,ok
637880,0.6-0.8,4,0.725,2025-10-23T11:30:00Z,2025-10-22,2025-10-23,140,-5.216854189628426e-4,0.8098065953081025,0.012746160672174447,ok
637883,0.4-0.6,3,0.535,2025-10-23T20:05:00Z,2025-10-23,2025-10-24,143,-4.056623769296693e-4,0.9031580395150981,0.009880821311354733,ok
637884,0.8-1.0,5,0.8,2025-10-23T12:30:00Z,2025-10-22,2025-10-23,142,-6.254763455995189e-4,0.3247094535929473,0.017938918756033925,ok
637885,0.6-0.8,4,0.605,2025-10-23T10:55:00Z,2025-10-22,2025-10-23,142,8.461714952145833e-5,0.6039479845890267,0.016824342386369248,ok
637886,0.4-0.6,3,0.585,2025-10-23T11:45:00Z,2025-10-22,2025-10-23,142,-0.0013957666258358845,0.7524726839746666,0.01148669893266236,ok
642123,0.6-0.8,4,0.675,2025-10-24T11:00:00Z,2025-10-23,2025-10-24,143,-3.9630486933119686e-4,0.23698161689877376,0.01152847386452228,ok
642124,0.4-0.6,3,0.44,2025-10-29T20:05:04Z,2025-10-29,2025-10-30,143,-0.002764389611069134,1.3550805757450166,0.028780002527782962,ok
642125,0.6-0.8,4,0.675,2025-10-31T12:30:00Z,2025-10-30,2025-10-31,144,9.844153979455472e-4,1.5123060509792445,0.014512880588312809,ok
642128,0.6-0.8,4,0.635,2025-10-28T10:32:00Z,2025-10-27,2025-10-28,143,0.001304171160955784,1.694249148054108,0.01807530306014973,ok
642129,0.8-1.0,5,0.92,2025-11-03T21:05:00Z,2025-11-03,2025-11-04,144,-8.804599583782322e-4,1.845771566912148,0.023673078745830675,ok
642130,0.8-1.0,5,0.8300000000000001,2025-10-29T20:00:00Z,2025-10-29,2025-10-30,144,0.0017941098518768827,1.0071911891265815,0.016098720597780773,ok
642131,0.8-1.0,5,0.88,2025-10-30T20:01:00Z,2025-10-30,2025-10-31,144,-2.6140411347727485e-4,1.3222271678182849,0.014228967811437723,ok
642132,0.4-0.6,3,0.5650000000000001,2025-10-24T11:00:00Z,2025-10-23,2025-10-24,143,0.0018447015328573776,0.5497320239937644,0.012162363722036948,ok
642133,0.6-0.8,4,0.655,2025-10-23T11:30:00Z,2025-10-22,2025-10-23,142,9.519963585069309e-4,0.714884921948242,0.01930506404611544,ok
642134,0.2-0.4,2,0.36,2025-10-28T11:00:01Z,2025-10-27,2025-10-28,143,-0.0011357631399134143,0.8817512698466136,0.010182593018751398,ok
642137,0.6-0.8,4,0.72,2025-10-27T20:01:00Z,2025-10-27,2025-10-28,144,0.0016598268376748172,2.1984142335279273,0.057462261376548286,ok
642138,0.2-0.4,2,0.25,2025-11-06T13:00:01Z,2025-11-05,2025-11-06,143,-8.98267522553646e-4,1.1778014850293204,0.01757215756059353,ok
642139,0.8-1.0,5,0.905,2025-10-28T20:00:00Z,2025-10-28,2025-10-29,106,NA,NA,NA,too_few_estimation_obs
643016,0.4-0.6,3,0.545,2025-10-28T20:02:00Z,2025-10-28,2025-10-29,144,4.4918811328104475e-4,0.9211335306481996,0.01697972929988145,ok
643017,0.8-1.0,5,0.855,2025-10-28T20:05:00Z,2025-10-28,2025-10-29,144,0.0019432522051397738,0.3197123885932982,0.01571717899448245,ok
643018,0.6-0.8,4,0.73,2025-10-30T10:00:02Z,2025-10-29,2025-10-30,143,-0.002697047446780063,1.2945162252578095,0.03642963281772381,ok
643019,0.6-0.8,4,0.6950000000000001,2025-10-28T10:55:00Z,2025-10-27,2025-10-28,143,9.099100955801589e-4,1.5485263244830656,0.018682691988939584,ok
643022,0.8-1.0,5,0.835,2025-10-28T11:00:01Z,2025-10-27,2025-10-28,143,-0.0028187015802241303,2.115721852558157,0.033604759585596763,ok
643023,0.8-1.0,5,0.8300000000000001,2025-10-28T10:50:00Z,2025-10-27,2025-10-28,143,3.60668237842857e-4,0.6867618924658178,0.013146830565964005,ok
643033,0.8-1.0,5,0.875,2025-10-28T10:45:00Z,2025-10-27,2025-10-28,143,-4.886171711073382e-4,0.8963341756386843,0.013551247421620099,ok
643036,0.8-1.0,5,0.8150000000000001,2025-10-28T11:01:22Z,2025-10-27,2025-10-28,143,-0.001581564189847257,1.2770740941873304,0.014982462870127122,ok
643037,0.8-1.0,5,0.865,2025-11-05T12:30:00Z,2025-11-04,2025-11-05,143,-8.454025317696898e-4,1.357432716052445,0.027473867536952825,ok
643038,0.8-1.0,5,0.869,2025-10-28T11:00:01Z,2025-10-27,2025-10-28,143,0.0033464382439740872,2.259421864925322,0.0251247750853522,ok
643045,0.0-0.2,1,0.17,2025-10-29T20:05:00Z,2025-10-29,2025-10-30,143,-0.00283488731064958,1.2085192111390881,0.017064887705549037,ok
643046,0.4-0.6,3,0.5750000000000001,2025-10-28T12:03:00Z,2025-10-27,2025-10-28,143,7.821940306358561e-4,0.40883658077725993,0.012738807810781185,ok
643047,0.6-0.8,4,0.79,2025-11-04T11:55:00Z,2025-11-03,2025-11-04,143,0.0010301951961449627,1.2012721769491301,0.017180675453199533,ok
643048,0.6-0.8,4,0.755,2025-10-28T10:00:00Z,2025-10-27,2025-10-28,143,-0.00252269487104901,0.8563373170636557,0.016721629191401962,ok
643051,0.6-0.8,4,0.75,2025-10-28T09:55:00Z,2025-10-27,2025-10-28,143,-0.002176300181069776,0.25306846978318664,0.03673874837024677,ok
643053,0.6-0.8,4,0.735,2025-10-29T10:57:00Z,2025-10-28,2025-10-29,143,1.914370673360507e-4,0.7676162069559113,0.015995361133597553,ok
643054,0.8-1.0,5,0.958,2025-10-29T20:00:00Z,2025-10-29,2025-10-30,144,9.549543740229447e-4,0.903990465790108,0.010567308728345576,ok
647504,0.8-1.0,5,0.8305,2025-11-05T21:15:00Z,2025-11-05,2025-11-06,143,-1.6755559374454808e-4,0.6190775334883679,0.01530118541394177,ok
647505,0.2-0.4,2,0.395,2025-10-29T11:30:24Z,2025-10-28,2025-10-29,143,6.935373498195719e-4,1.3259640923490585,0.018762086304176084,ok
647508,0.8-1.0,5,0.91,2025-10-29T20:05:00Z,2025-10-29,2025-10-30,143,0.003118977636503457,2.4334281851584274,0.0347371086198564,ok
647509,0.4-0.6,3,0.485,2025-10-29T10:30:00Z,2025-10-28,2025-10-29,143,0.001292010574481107,1.158776226153096,0.010710489945095202,ok
647510,0.6-0.8,4,0.765,2025-10-29T20:10:28Z,2025-10-29,2025-10-30,143,-0.0022414554856204014,0.9250920197016455,0.019454638649731005,ok
647803,0.8-1.0,5,0.865,2025-10-27T20:03:00Z,2025-10-27,2025-10-28,144,-0.00351005904313037,1.7155561586530461,0.03995148524484314,ok
647808,0.8-1.0,5,0.8150000000000001,2025-10-29T10:30:01Z,2025-10-28,2025-10-29,143,0.0010064422849568246,0.3134876327163799,0.0178992834566543,ok
647811,0.8-1.0,5,0.895,2025-10-29T20:05:00Z,2025-10-29,2025-10-30,144,0.001648862521352978,0.5098090759840398,0.022582965757342987,ok
647815,0.2-0.4,2,0.34500000000000003,2025-10-29T11:00:03Z,2025-10-28,2025-10-29,143,0.0010067575018675185,0.8698180647189777,0.02887655698212408,ok
647816,0.8-1.0,5,0.805,2025-10-29T11:00:02Z,2025-10-28,2025-10-29,143,-3.631139067166244e-4,1.2433721349380995,0.015511071578095528,ok
647818,0.8-1.0,5,0.8300000000000001,2025-10-29T11:00:00Z,2025-10-28,2025-10-29,143,-0.0014262957026247424,0.31611589685325214,0.01639923664333897,ok
647819,0.8-1.0,5,0.895,2025-10-29T20:05:00Z,2025-10-29,2025-10-30,143,2.0728036596578684e-4,1.5115315800335383,0.016792808528608476,ok
647822,0.8-1.0,5,0.86,2025-10-29T20:15:00Z,2025-10-29,2025-10-30,144,-7.706563343808989e-4,1.4439628043949002,0.01844156960165735,ok
647823,0.6-0.8,4,0.64,2025-10-29T11:00:02Z,2025-10-28,2025-10-29,124,NA,NA,NA,incomplete_event_window
647847,0.2-0.4,2,0.275,2025-11-10T21:00:00Z,2025-11-10,2025-11-11,142,0.003518523263132975,0.408613855542541,0.043375441584973806,ok
647852,0.8-1.0,5,0.8300000000000001,2025-10-30T06:00:00Z,2025-10-29,2025-10-30,143,4.5164610276650943e-4,0.26786292228436,0.017700185550172436,ok
647853,0.8-1.0,5,0.91,2025-10-30T20:30:00Z,2025-10-30,2025-10-31,144,-9.483558592190013e-4,1.3892071002211814,0.01355627798369967,ok
647860,0.8-1.0,5,0.845,2025-11-03T21:15:00Z,2025-11-03,2025-11-04,144,-0.0018689062559841595,0.328027862128974,0.012977976545609232,ok
647869,0.6-0.8,4,0.6950000000000001,2025-10-30T20:11:00Z,2025-10-30,2025-10-31,144,0.0023226025542410398,2.0558088692727154,0.040324588750853714,ok
647871,0.8-1.0,5,0.8150000000000001,2025-10-30T10:45:00Z,2025-10-29,2025-10-30,143,-0.0012053725826420933,0.7515668812578273,0.0268755657412646,ok
647888,0.8-1.0,5,0.865,2025-10-30T10:00:00Z,2025-10-29,2025-10-30,143,3.478838649199359e-4,1.5536580976389953,0.02326030014233432,ok
647937,0.8-1.0,5,0.8300000000000001,2025-10-30T11:30:00Z,2025-10-29,2025-10-30,143,-2.0308119284624115e-4,0.46586187095853304,0.009499708045215124,ok
647938,0.8-1.0,5,0.92,2025-10-30T12:30:00Z,2025-10-29,2025-10-30,143,-2.3707157748941314e-4,0.8508108281834734,0.010648090932456628,ok
647962,0.8-1.0,5,0.8,2025-10-30T11:45:00Z,2025-10-29,2025-10-30,143,0.005047831650181802,1.2416810993253309,0.02557687394049142,ok
647966,0.8-1.0,5,0.86,2025-10-30T23:00:00Z,2025-10-30,2025-10-31,144,-1.272137468914684e-4,1.9583931789889049,0.02802540895024312,ok
647968,0.2-0.4,2,0.395,2025-10-30T11:30:00Z,2025-10-29,2025-10-30,143,-1.4463785997429347e-4,1.461595745870778,0.022018369366051227,ok
648017,0.8-1.0,5,0.84,2025-10-30T11:19:13Z,2025-10-29,2025-10-30,143,-9.119813102203441e-4,0.866646428301441,0.01131762957366918,ok
648033,0.8-1.0,5,0.81,2025-10-30T11:00:00Z,2025-10-29,2025-10-30,143,-0.001959272973753713,1.7702143664323706,0.022986398762304346,ok
648038,0.8-1.0,5,0.8250000000000001,2025-11-06T11:30:02Z,2025-11-05,2025-11-06,143,-0.0014740267905330132,0.7168113724107715,0.017997853070190927,ok
648217,0.6-0.8,4,0.665,2025-10-30T11:00:00Z,2025-10-29,2025-10-30,143,-0.001343358471658208,0.5025171261761898,0.01884269098802548,ok
648218,0.6-0.8,4,0.76,2025-10-29T11:15:00Z,2025-10-28,2025-10-29,143,-5.090415399564916e-4,0.9116827411759687,0.016598614403055264,ok
648224,0.8-1.0,5,0.885,2025-10-29T20:05:00Z,2025-10-29,2025-10-30,143,-0.00097662187426713655,0.8137994061603585,0.02111439507614608,ok
648227,0.4-0.6,3,0.595,2025-11-06T21:03:00Z,2025-11-06,2025-11-07,144,-0.0019829197289908244,1.4099737686030738,0.015256713340696004,ok
648228,0.8-1.0,5,0.84,2025-10-31T11:30:01Z,2025-10-30,2025-10-31,144,8.651232678218851e-4,-0.08140024855960247,0.0143953745846771,ok
648240,0.6-0.8,4,0.745,2025-10-31T10:15:00Z,2025-10-30,2025-10-31,144,-5.690640662046106e-4,0.7700713708667107,0.01397312321949627,ok
648376,0.4-0.6,3,0.59,2025-10-31T10:55:00Z,2025-10-30,2025-10-31,144,-7.475500115158496e-4,0.13450514597019514,0.013481989857668675,ok
648377,0.8-1.0,5,0.8200000000000001,2025-10-30T11:30:00Z,2025-10-29,2025-10-30,143,-3.569362441285078e-4,0.9650206403477133,0.015686009399383357,ok
648379,0.8-1.0,5,0.81,2025-10-30T20:07:00Z,2025-10-30,2025-10-31,144,0.002910325296949187,2.156361505151848,0.04568018682162587,ok
648382,0.0-0.2,1,0.17,2025-10-30T20:22:00Z,2025-10-30,2025-10-31,144,8.786063794528417e-4,2.0389329623936074,0.040822506440012,ok
652465,0.8-1.0,5,0.865,2025-11-03T21:05:00Z,2025-11-03,2025-11-04,144,0.004137194780536157,1.9517891945500696,0.031395186216520855,ok
652509,0.6-0.8,4,0.635,2025-11-03T21:15:01Z,2025-11-03,2025-11-04,144,1.1963768393257483e-4,0.6268303503027933,0.014051721926664037,ok
652512,0.4-0.6,3,0.465,2025-11-03T11:00:00Z,2025-10-31,2025-11-03,143,-6.434408459965721e-4,1.7422517355024583,0.01588814742377612,ok
652566,0.4-0.6,3,0.405,2025-11-03T21:00:00Z,2025-11-03,2025-11-04,143,0.0010321742293378997,1.4105597747441223,0.02635524703760356,ok
652567,0.4-0.6,3,0.445,2025-11-03T21:05:01Z,2025-11-03,2025-11-04,144,0.0025879768356552152,2.0589474093612816,0.061394648875867236,ok
652568,0.6-0.8,4,0.63,2025-11-03T13:00:02Z,2025-10-31,2025-11-03,143,-0.001446255590882116,0.72895956691441,0.017593757954439168,ok
652577,0.8-1.0,5,0.925,2025-11-05T12:00:01Z,2025-11-04,2025-11-05,143,-0.0011207814903558364,1.462434296191732,0.034244538183672193,ok
652605,0.8-1.0,5,0.955,2025-11-05T13:30:00Z,2025-11-04,2025-11-05,143,9.643962628603359e-4,0.5173754499072133,0.017569364733154316,ok
652607,0.2-0.4,2,0.32,2025-11-05T21:43:00Z,2025-11-05,2025-11-06,27,NA,NA,NA,too_few_estimation_obs
652646,0.6-0.8,4,0.725,2025-11-05T21:00:00Z,2025-11-05,2025-11-06,144,0.002968096390556166,1.4177288117444788,0.036126292662699004,ok
652651,0.6-0.8,4,0.675,2025-11-05T21:05:02Z,2025-11-05,2025-11-06,72,NA,NA,NA,too_few_estimation_obs
652652,0.2-0.4,2,0.37,2025-11-05T14:30:00Z,2025-11-04,2025-11-05,143,-0.0015703564530670597,0.6054378471981683,0.015357027422678582,ok
652657,0.8-1.0,5,0.885,2025-11-05T12:00:01Z,2025-11-04,2025-11-05,143,0.002294517054348545,0.7790403740287081,0.022422934918481952,ok
652658,0.2-0.4,2,0.27,2025-11-05T13:00:02Z,2025-11-04,2025-11-05,143,-0.0019254738123660174,0.8753384698077088,0.02118547282664519,ok
652823,0.2-0.4,2,0.39,2025-11-05T21:00:00Z,2025-11-05,2025-11-06,143,-0.0035600381923493996,0.8500906462764062,0.01513209022741479,ok
655224,0.0-0.2,1,0.145,2025-11-10T22:38:57Z,2025-11-10,2025-11-11,143,-0.0031587919956089293,1.0249296518895572,0.05041804284455496,ok
655260,0.6-0.8,4,0.665,2025-11-05T13:30:00Z,2025-11-04,2025-11-05,143,-2.1144846771638855e-4,0.2234029090990734,0.011579500532050637,ok
655266,0.8-1.0,5,0.8200000000000001,2025-11-05T21:05:01Z,2025-11-05,2025-11-06,143,0.0037847785726801476,2.2008283450226327,0.042073649633169036,ok
655388,0.8-1.0,5,0.885,2025-11-05T21:04:00Z,2025-11-05,2025-11-06,144,-5.703865280269124e-4,2.2082854834381336,0.025071551026605046,ok
655399,0.8-1.0,5,0.925,2025-11-05T21:00:00Z,2025-11-05,2025-11-06,144,-3.253892730012342e-4,1.4377947544996776,0.015673135879214335,ok
655400,0.8-1.0,5,0.885,2025-11-05T21:05:10Z,2025-11-05,2025-11-06,143,0.005507998521440774,2.52130711182985,0.03319356832602864,ok
655439,0.4-0.6,3,0.425,2025-11-05T21:05:01Z,2025-11-05,2025-11-06,143,0.0010611123364061244,1.367049686894807,0.020198245393285713,ok
655443,0.0-0.2,1,0.18,2025-11-05T21:00:00Z,2025-11-05,2025-11-06,143,-0.0014505083827597372,1.2727610626076562,0.01014759327499122,ok
655448,0.4-0.6,3,0.42,2025-11-05T21:05:02Z,2025-11-05,2025-11-06,143,0.001386769179140014,0.875300845897983,0.01870057024208394,ok
655449,0.8-1.0,5,0.845,2025-11-05T12:00:01Z,2025-11-04,2025-11-05,143,-0.001130212715371852,0.69726235093434,0.017010223578121066,ok
655450,0.8-1.0,5,0.84,2025-11-05T11:00:00Z,2025-11-04,2025-11-05,143,-8.92429153857316e-5,0.31541323005699373,0.02815606388273834,ok
655451,0.6-0.8,4,0.68,2025-11-05T21:31:00Z,2025-11-05,2025-11-06,143,4.2012534658032627e-4,0.21472072804861647,0.010779248132121786,ok
655460,0.8-1.0,5,0.89,2025-11-05T21:05:02Z,2025-11-05,2025-11-06,144,-0.003258344778721049,1.5261023605206336,0.021829735737577932,ok
656723,0.6-0.8,4,0.75,2025-11-04T21:05:01Z,2025-11-04,2025-11-05,85,NA,NA,NA,too_few_estimation_obs
656730,0.8-1.0,5,0.805,2025-11-04T21:05:01Z,2025-11-04,2025-11-05,143,-0.0010456964931002404,1.5263130166415353,0.021896345615263622,ok
656735,0.8-1.0,5,0.8300000000000001,2025-11-03T21:30:01Z,2025-11-03,2025-11-04,144,-0.0013576832496851215,0.8136426304087866,0.017655715574868357,ok
656746,0.2-0.4,2,0.28500000000000003,2025-11-04T13:30:00Z,2025-11-03,2025-11-04,143,-9.051379228660317e-4,0.5038609882481577,0.0153084030662777,ok
656755,0.8-1.0,5,0.89,2025-11-04T12:00:09Z,2025-11-03,2025-11-04,143,-0.0013910648038434018,1.2087231743626443,0.011091942702567473,ok
656760,0.8-1.0,5,0.8150000000000001,2025-11-04T11:30:00Z,2025-11-03,2025-11-04,143,-0.00146194222078246,1.809700719556399,0.015916028378350065,ok
656761,0.2-0.4,2,0.325,2025-11-04T21:07:00Z,2025-11-04,2025-11-05,143,1.7202279407591936e-4,1.0451517230440959,0.014527977558009109,ok
656782,0.8-1.0,5,0.9,2025-11-04T11:50:00Z,2025-11-03,2025-11-04,143,3.0374004156659195e-4,1.044696961987944,0.013650868630270332,ok
656783,0.4-0.6,3,0.595,2025-11-04T13:00:00Z,2025-11-03,2025-11-04,143,0.005564545874263337,0.9055930711961612,0.0813334833653877,ok
656785,0.6-0.8,4,0.62,2025-11-05T13:01:00Z,2025-11-04,2025-11-05,143,1.544531101107424e-4,1.6176954488863229,0.025933476787928796,ok
656791,0.6-0.8,4,0.715,2025-11-05T21:05:03Z,2025-11-05,2025-11-06,143,-0.0012374170495015316,1.5771501332386808,0.0283404252802836,ok
656792,0.2-0.4,2,0.28500000000000003,2025-11-05T21:15:01Z,2025-11-05,2025-11-06,143,0.0018103297920463606,1.2912831958866124,0.044851499594347095,ok
656803,0.8-1.0,5,0.845,2025-11-12T11:00:01Z,2025-11-11,2025-11-12,143,-0.003357707327435149,1.5950774070398936,0.04218673757522891,ok
656808,0.8-1.0,5,0.845,2025-11-05T21:05:01Z,2025-11-05,2025-11-06,39,NA,NA,NA,too_few_estimation_obs
656817,0.8-1.0,5,0.835,2025-11-04T12:30:00Z,2025-11-03,2025-11-04,143,4.985961603020899e-4,0.959399515647609,0.03662304144305161,ok
656819,0.8-1.0,5,0.86,2025-11-04T11:30:01Z,2025-11-03,2025-11-04,143,9.49854617957979e-4,1.1149131061741258,0.016998357257953654,ok
656831,0.2-0.4,2,0.35000000000000003,2025-11-04T21:06:00Z,2025-11-04,2025-11-05,144,-0.0017009159737285328,1.6155898249051062,0.02175782350666078,ok
656855,0.8-1.0,5,0.81,2025-11-06T13:30:00Z,2025-11-05,2025-11-06,143,-4.4251451503100344e-4,1.0926434273941588,0.01813105104904126,ok
656874,0.8-1.0,5,0.8,2025-11-06T21:10:01Z,2025-11-06,2025-11-07,144,8.483628346345149e-4,0.43716106652957254,0.012943080601045955,ok
656996,0.8-1.0,5,0.8675,2025-11-06T12:00:09Z,2025-11-05,2025-11-06,143,4.705014272125386e-4,1.325533896995734,0.022155279278017637,ok
657003,0.6-0.8,4,0.725,2025-11-06T12:00:01Z,2025-11-05,2025-11-06,143,0.003198855791595374,2.01097841217203,0.03680197108187504,ok
657004,0.8-1.0,5,0.81,2025-11-06T21:36:57Z,2025-11-06,2025-11-07,144,-1.3619284777401013e-4,-0.08409419190594893,0.012790609291039307,ok
657005,0.6-0.8,4,0.775,2025-11-06T11:00:00Z,2025-11-05,2025-11-06,143,-0.0014837769145752647,1.485399814644665,0.013778730993743186,ok
657007,0.6-0.8,4,0.615,2025-11-06T21:01:00Z,2025-11-06,2025-11-07,144,-2.3970792541155948e-4,1.6669978825072909,0.01694033868061381,ok
657012,0.8-1.0,5,0.8705,2025-11-06T21:05:02Z,2025-11-06,2025-11-07,144,0.0036282660285359056,2.2175325460813444,0.0380908331362382,ok
657013,0.8-1.0,5,0.86,2025-11-06T13:01:00Z,2025-11-05,2025-11-06,143,-8.395824488388246e-6,1.5048222982149984,0.019276318261778096,ok
657018,0.8-1.0,5,0.835,2025-11-06T11:45:00Z,2025-11-05,2025-11-06,143,-3.468391934377692e-5,0.8266594958395778,0.011861673199508746,ok
657027,0.6-0.8,4,0.72,2025-11-06T21:15:01Z,2025-11-06,2025-11-07,144,-6.549998105189435e-4,1.1741228837096618,0.02205436914717155,ok
657064,0.4-0.6,3,0.555,2025-11-06T21:07:36Z,2025-11-06,2025-11-07,144,0.019735493591389177,1.2106090302127854,0.1262164075102777,ok
657065,0.6-0.8,4,0.705,2025-11-06T21:15:01Z,2025-11-06,2025-11-07,144,-2.715211257351073e-4,0.8678842821266872,0.009421091168741793,ok
657071,0.4-0.6,3,0.43,2025-11-06T21:00:00Z,2025-11-06,2025-11-07,144,-9.990875569458762e-4,0.6940240762833764,0.015531192567901047,ok
657072,0.8-1.0,5,0.835,2025-11-06T11:55:00Z,2025-11-05,2025-11-06,143,-0.0010317795850266866,1.4042628478258148,0.014529573668866765,ok
657073,0.8-1.0,5,0.86,2025-11-06T21:01:00Z,2025-11-06,2025-11-07,144,-0.0012907539315975202,1.1447107881334255,0.016802793221054334,ok
657079,0.8-1.0,5,0.85,2025-11-06T13:30:00Z,2025-11-05,2025-11-06,143,-0.0019218681130242015,1.3022778801337993,0.03456794589195153,ok
657080,0.8-1.0,5,0.935,2025-11-06T21:04:00Z,2025-11-06,2025-11-07,144,7.117443698730484e-4,0.7959038338683132,0.013482570353225943,ok
657085,0.6-0.8,4,0.635,2025-11-06T21:05:00Z,2025-11-06,2025-11-07,144,-0.0019616681717652576,1.5442877997235158,0.024556736928330665,ok
657086,0.4-0.6,3,0.47,2025-11-10T13:00:00Z,2025-11-07,2025-11-10,143,0.0021249149638856864,1.2398255563379312,0.035847108491482246,ok
657290,0.6-0.8,4,0.685,2025-11-06T21:01:02Z,2025-11-06,2025-11-07,144,6.362825081400696e-4,2.0086350370649146,0.041478586365476376,ok
657295,0.8-1.0,5,0.8300000000000001,2025-11-06T21:00:00Z,2025-11-06,2025-11-07,142,-0.0017136228411730587,1.12793793428047,0.026989273796210515,ok
657300,0.2-0.4,2,0.255,2025-11-06T11:45:00Z,2025-11-05,2025-11-06,143,8.49731462719975e-6,1.7523749415176542,0.03165827200215353,ok
657371,0.2-0.4,2,0.365,2025-11-04T21:00:00Z,2025-11-04,2025-11-05,143,-0.002649679396064794,0.7290395735897363,0.013508177081587122,ok
657435,0.6-0.8,4,0.675,2025-11-04T21:03:00Z,2025-11-04,2025-11-05,143,0.0015773319803513968,1.0664158166868194,0.02744225491338476,ok
657445,0.8-1.0,5,0.9185,2025-11-04T21:15:02Z,2025-11-04,2025-11-05,144,0.002078627654980098,1.9580540814707348,0.02343508366063634,ok
657454,0.8-1.0,5,0.856,2025-11-04T12:01:37Z,2025-11-03,2025-11-04,121,0.0013734661559423997,2.1337383796537988,0.029273035684024354,ok
658478,0.8-1.0,5,0.86,2025-11-06T21:00:00Z,2025-11-06,2025-11-07,131,0.007917049033465035,-0.7535484086584855,0.09863019465345808,ok
658481,0.8-1.0,5,0.925,2025-11-06T12:00:06Z,2025-11-05,2025-11-06,143,-0.0011085736848649454,1.064254963351182,0.02263289857885838,ok
658486,0.6-0.8,4,0.755,2025-11-06T21:05:02Z,2025-11-06,2025-11-07,144,-0.0010414281018984023,0.8279086328066283,0.017815201033035886,ok
658487,0.6-0.8,4,0.64,2025-11-06T11:55:00Z,2025-11-05,2025-11-06,143,-0.002910305992243014,1.282015631810893,0.03230527027791443,ok
658488,0.8-1.0,5,0.845,2025-11-06T12:05:00Z,2025-11-05,2025-11-06,143,1.729973407021064e-4,1.8612220094059195,0.029577132116458408,ok
658493,0.6-0.8,4,0.79,2025-11-06T12:00:01Z,2025-11-05,2025-11-06,143,1.1247725627171663e-4,0.8000714300547773,0.03112836351462687,ok
658498,0.2-0.4,2,0.335,2025-11-06T21:05:02Z,2025-11-06,2025-11-07,144,-0.007204874884398861,1.7026394845549382,0.04269667952956404,ok
658499,0.2-0.4,2,0.24,2025-11-06T21:05:00Z,2025-11-06,2025-11-07,144,0.009168222082101577,1.4611402347193656,0.0733049259033511,ok
658526,0.6-0.8,4,0.67,2025-11-06T21:05:16Z,2025-11-06,2025-11-07,42,NA,NA,NA,too_few_estimation_obs
658547,0.4-0.6,3,0.555,2025-11-06T21:10:00Z,2025-11-06,2025-11-07,129,-0.0018178004862299617,1.2518472558326745,0.039990346007318975,ok
658568,0.8-1.0,5,0.9,2025-11-07T13:30:00Z,2025-11-06,2025-11-07,144,-0.0013731252473404133,1.9905051801245028,0.016842542942386497,ok
658589,0.8-1.0,5,0.845,2025-11-06T11:00:00Z,2025-11-05,2025-11-06,143,0.004620782508489137,0.8228747161362219,0.029200364786063485,ok
658619,0.8-1.0,5,0.8150000000000001,2025-11-07T13:30:00Z,2025-11-06,2025-11-07,144,1.9859880171926294e-4,1.1230530710577373,0.012403429138928976,ok
658624,0.6-0.8,4,0.78,2025-11-07T13:30:00Z,2025-11-06,2025-11-07,144,-1.5979980463697336e-4,-0.231347604703432,0.0175436907363552,ok
658859,0.2-0.4,2,0.365,2025-11-03T21:30:00Z,2025-11-03,2025-11-04,144,-0.0010448679489439136,0.8857152989451873,0.03359304096554889,ok
658905,0.4-0.6,3,0.435,2025-11-07T12:00:00Z,2025-11-06,2025-11-07,144,-0.0037205924529301834,0.6124884778174106,0.019588019495503595,ok
658909,0.4-0.6,3,0.51,2025-11-05T21:21:00Z,2025-11-05,2025-11-06,143,-7.493138076408374e-4,0.9133649846805459,0.03437373044446666,ok
667880,0.8-1.0,5,0.925,2025-11-10T21:15:00Z,2025-11-10,2025-11-11,144,-5.444472781634437e-4,1.0977263311543435,0.02071117626288098,ok
667887,0.8-1.0,5,0.8250000000000001,2025-11-10T12:30:00Z,2025-11-07,2025-11-10,143,-0.001078816212118636,0.3503486176294492,0.013502172176114208,ok
667902,0.6-0.8,4,0.785,2025-11-10T12:00:00Z,2025-11-07,2025-11-10,143,0.0026582893755536055,1.6592328361311013,0.026736996475914387,ok
667903,0.6-0.8,4,0.705,2025-11-10T12:00:00Z,2025-11-07,2025-11-10,143,-3.690050668127825e-4,0.884326655884734,0.013090469392971942,ok
667905,0.6-0.8,4,0.625,2025-11-10T12:00:01Z,2025-11-07,2025-11-10,94,NA,NA,NA,too_few_estimation_obs
667914,0.0-0.2,1,0.165,2025-11-10T21:07:00Z,2025-11-10,2025-11-11,144,-8.654621664672212e-4,1.5199090189089124,0.03567397074016911,ok
667915,0.2-0.4,2,0.385,2025-11-10T21:05:00Z,2025-11-10,2025-11-11,143,0.0046848224020279005,1.4967484002804063,0.0695227099355974,ok
667924,0.6-0.8,4,0.66,2025-11-10T22:26:00Z,2025-11-10,2025-11-11,143,-0.0021587452964430334,0.8158663463517499,0.01304260667773059,ok
668446,0.8-1.0,5,0.845,2025-11-10T21:05:01Z,2025-11-10,2025-11-11,144,0.004111824090503595,1.6013683104370198,0.048104688061312344,ok
668447,0.6-0.8,4,0.65,2025-11-10T21:05:00Z,2025-11-10,2025-11-11,144,0.0026858545639874367,0.4667636298828082,0.027695929449502617,ok
668448,0.2-0.4,2,0.295,2025-11-10T21:00:00Z,2025-11-10,2025-11-11,142,0.002942659477107543,1.3235710013751654,0.04773604971577715,ok
668453,0.4-0.6,3,0.4,2025-11-11T21:00:00Z,2025-11-11,2025-11-12,143,0.010378331574309894,2.168150527488718,0.06590171241337586,ok
668459,0.8-1.0,5,0.875,2025-11-12T21:05:00Z,2025-11-12,2025-11-13,144,-9.185705837404583e-4,1.0904059451803834,0.019069620663360598,ok
668460,0.8-1.0,5,0.89,2025-11-12T11:25:00Z,2025-11-11,2025-11-12,81,NA,NA,NA,too_few_estimation_obs
668465,0.4-0.6,3,0.585,2025-11-10T05:46:51Z,2025-11-07,2025-11-10,142,-0.002133691657129375,1.5946134313873022,0.03266459270642874,ok
668474,0.0-0.2,1,0.155,2025-11-12T21:08:09Z,2025-11-12,2025-11-13,143,0.0015762387274315091,0.8628057962852953,0.046958069774894605,ok
668475,0.8-1.0,5,0.875,2025-11-11T21:05:00Z,2025-11-11,2025-11-12,64,NA,NA,NA,too_few_estimation_obs
668496,0.8-1.0,5,0.935,2025-11-12T21:05:00Z,2025-11-12,2025-11-13,143,-4.649971311095793e-4,0.9424430153541385,0.009845326902928924,ok
668497,0.8-1.0,5,0.865,2025-11-13T11:40:00Z,2025-11-12,2025-11-13,143,-8.248058559789313e-4,1.2204261282311943,0.01365657493217369,ok
668506,0.8-1.0,5,0.93,2025-11-13T21:01:02Z,2025-11-13,2025-11-14,144,9.170562664192018e-4,1.5839804441821201,0.021030245418801666,ok
668511,0.2-0.4,2,0.265,2025-11-13T21:00:00Z,2025-11-13,2025-11-14,129,-0.0018942643929263944,0.7289571369891155,0.1850465272639371,ok
668512,0.8-1.0,5,0.87,2025-11-13T12:00:00Z,2025-11-12,2025-11-13,143,-0.0037982345419648044,1.1945346538213701,0.02537006598667759,ok
668514,0.8-1.0,5,0.925,2025-11-13T21:05:00Z,2025-11-13,2025-11-14,144,0.002657598822397066,1.2512488339781935,0.05974490120012636,ok
668515,0.2-0.4,2,0.39,2025-11-13T13:30:00Z,2025-11-12,2025-11-13,140,0.009014813270809833,0.581202431873113,0.06421374142915741,ok
668520,0.6-0.8,4,0.715,2025-11-24T21:00:00Z,2025-11-24,2025-11-25,143,7.793160203729795e-4,0.9288492290210373,0.022542814309640807,ok
668521,0.0-0.2,1,0.17500000000000002,2025-11-14T21:05:00Z,2025-11-14,2025-11-17,145,0.01150355024908796,2.0266886698640985,0.07984154997336486,ok
668522,0.6-0.8,4,0.685,2025-11-14T12:05:00Z,2025-11-13,2025-11-14,100,NA,NA,NA,too_few_estimation_obs
674909,0.8-1.0,5,0.8250000000000001,2025-11-19T14:00:02Z,2025-11-18,2025-11-19,143,-6.072912722130106e-4,1.441293811081711,0.021498841427938214,ok
674910,0.8-1.0,5,0.915,2025-11-24T21:00:00Z,2025-11-24,2025-11-25,143,9.729046793304178e-4,1.196142860299471,0.013158887558325756,ok
674911,0.2-0.4,2,0.29,2025-11-14T21:01:00Z,2025-11-14,2025-11-17,96,NA,NA,NA,too_few_estimation_obs
674912,0.6-0.8,4,0.655,2025-11-18T13:30:00Z,2025-11-17,2025-11-18,143,-9.730561536344616e-5,0.6526417156424935,0.011205793334936459,ok
674921,0.2-0.4,2,0.335,2025-11-21T06:29:00Z,2025-11-20,2025-11-21,144,0.0021116598017989438,0.8023617993666933,0.030232423709016725,ok
674922,0.8-1.0,5,0.94,2025-11-25T21:05:00Z,2025-11-25,2025-11-26,143,-0.0025872681250978143,1.4643809662955256,0.02315500567989235,ok
674923,0.8-1.0,5,0.84,2025-11-25T11:45:00Z,2025-11-24,2025-11-25,142,-7.257185440574775e-5,1.2729869397614197,0.020566008618387602,ok
675008,0.8-1.0,5,0.92,2025-11-18T11:58:00Z,2025-11-17,2025-11-18,143,0.0012711986007022684,0.7817917834015126,0.010372746895552044,ok
675024,0.8-1.0,5,0.905,2025-11-18T11:00:01Z,2025-11-17,2025-11-18,143,-1.9143134700629676e-4,1.7566854035289297,0.02708990012875011,ok
675495,0.8-1.0,5,0.935,2025-11-18T21:15:00Z,2025-11-18,2025-11-19,143,-0.0021180619787898023,0.9245215476652041,0.010404483122018608,ok
675497,0.8-1.0,5,0.81,2025-11-18T21:15:00Z,2025-11-18,2025-11-19,141,0.0028768628302191864,1.4916816194085107,0.029076168529612062,ok
675502,0.8-1.0,5,0.885,2025-11-18T08:00:00Z,2025-11-17,2025-11-18,143,9.500466278593267e-4,0.44578632679734875,0.02465729504612126,ok
675503,0.4-0.6,3,0.52,2025-11-18T21:15:01Z,2025-11-18,2025-11-19,144,-0.0021360876908300148,0.9123838790673462,0.019261024228367826,ok
675504,0.8-1.0,5,0.925,2025-11-19T21:20:00Z,2025-11-19,2025-11-20,144,0.0013211456245560457,1.705613385426484,0.015926405150934124,ok
675505,0.8-1.0,5,0.94,2025-11-19T21:10:00Z,2025-11-19,2025-11-20,144,-1.3750858645268852e-4,1.1829814000201042,0.017763417276309083,ok
675506,0.8-1.0,5,0.865,2025-11-19T11:00:02Z,2025-11-18,2025-11-19,143,-4.0144308286994075e-4,0.6837848085569944,0.01294292673345006,ok
675507,0.4-0.6,3,0.58,2025-11-19T11:30:00Z,2025-11-18,2025-11-19,143,-0.0021811442836416573,1.0583823179402965,0.01881359652079338,ok
675508,0.8-1.0,5,0.8150000000000001,2025-11-19T12:00:00Z,2025-11-18,2025-11-19,143,8.716021687321762e-4,1.6459560819518473,0.015983996101440495,ok
675509,0.8-1.0,5,0.88,2025-11-19T11:58:00Z,2025-11-18,2025-11-19,143,0.003480067307199155,0.9265896120348928,0.020211056985500825,ok
675510,0.8-1.0,5,0.875,2025-11-19T06:00:01Z,2025-11-18,2025-11-19,143,-0.002849344018515056,1.288022117782212,0.028675403677241813,ok
675513,0.8-1.0,5,0.935,2025-11-20T21:00:00Z,2025-11-20,2025-11-21,144,NA,NA,NA,incomplete_event_window
675514,0.2-0.4,2,0.27,2025-11-12T22:52:49Z,2025-11-12,2025-11-13,133,-0.0043083714807881975,2.182899665925367,0.06738937536880066,ok
675520,0.8-1.0,5,0.935,2025-11-20T21:15:00Z,2025-11-20,2025-11-21,144,NA,NA,NA,incomplete_event_window
675540,0.8-1.0,5,0.855,2025-11-20T11:55:00Z,2025-11-19,2025-11-20,143,-0.0026162469068918923,1.6066781348108485,0.026540566744184094,ok
675603,0.6-0.8,4,0.735,2025-11-24T21:05:00Z,2025-11-24,2025-11-25,143,-5.805108441005654e-4,0.8944773187357109,0.01623286905542637,ok
675612,0.8-1.0,5,0.92,2025-11-21T11:45:00Z,2025-11-20,2025-11-21,144,-0.001293313954138945,-0.06315963715569958,0.01791662786713819,ok
675613,0.8-1.0,5,0.93,2025-11-25T12:00:00Z,2025-11-24,2025-11-25,142,-6.864175223523974e-4,1.693002021718337,0.014971924128668284,ok
675614,0.8-1.0,5,0.905,2025-11-25T22:00:00Z,2025-11-25,2025-11-26,143,0.0014650804349669222,1.8834804483354393,0.023212749572106058,ok
675615,0.8-1.0,5,0.925,2025-11-25T21:01:00Z,2025-11-25,2025-11-26,143,1.8645890184022515e-5,0.8847455766152736,0.014630653978522144,ok
675616,0.8-1.0,5,0.955,2025-11-25T21:01:00Z,2025-11-25,2025-11-26,143,-0.0013632672701810575,0.9739254762476841,0.018858539346821076,ok
675617,0.2-0.4,2,0.35000000000000003,2025-11-25T21:15:00Z,2025-11-25,2025-11-26,143,-0.0013827662535862986,1.3977213493331633,0.01855676882791686,ok
675618,0.8-1.0,5,0.865,2025-11-24T21:05:00Z,2025-11-24,2025-11-25,143,0.0018341295573482304,2.227452660706332,0.032382697634521423,ok
675619,0.6-0.8,4,0.745,2025-11-25T12:30:00Z,2025-11-24,2025-11-25,142,-0.0015922616078678713,1.3523065639677962,0.03266609971227538,ok
675620,0.6-0.8,4,0.725,2025-11-25T12:00:00Z,2025-11-24,2025-11-25,142,0.003927523497551311,2.1529409062167653,0.06054344969798567,ok
675621,0.6-0.8,4,0.745,2025-11-26T11:27:50Z,2025-11-25,2025-11-26,143,-0.0012783143553886762,0.8741407560179821,0.013748197544499366,ok
675626,0.6-0.8,4,0.735,2025-11-19T13:30:00Z,2025-11-18,2025-11-19,39,NA,NA,NA,too_few_estimation_obs
675627,0.8-1.0,5,0.9125,2025-11-25T12:00:01Z,2025-11-24,2025-11-25,138,-6.845530152215074e-4,1.554294697226007,0.0250280755977351,ok
675628,0.8-1.0,5,0.885,2025-11-25T12:00:00Z,2025-11-24,2025-11-25,142,-0.001092695987251994,1.5805301041054318,0.022070326900931084,ok
675629,0.8-1.0,5,0.88,2025-11-25T12:00:00Z,2025-11-24,2025-11-25,142,-6.327040248162774e-4,0.30306747801824885,0.020127087370352587,ok
696247,0.8-1.0,5,0.966,2025-12-01T21:05:00Z,2025-12-01,2025-12-02,143,0.0026337040134274603,1.570777180101584,0.040235679878586866,ok
696252,0.8-1.0,5,0.9655,2025-12-02T21:10:00Z,2025-12-02,2025-12-03,142,7.682664251871331e-4,1.4658095867796777,0.0215253199829771,ok
696257,0.8-1.0,5,0.965,2025-12-02T21:01:00Z,2025-12-02,2025-12-03,142,-0.0026239088040855606,1.189784097756858,0.022137645766913034,ok
696258,0.8-1.0,5,0.865,2025-12-02T21:10:00Z,2025-12-02,2025-12-03,142,0.0010745700497070748,1.795128077385983,0.04916878941291661,ok
696259,0.8-1.0,5,0.915,2025-12-02T21:05:00Z,2025-12-02,2025-12-03,142,-0.0017476075051629924,1.6866845056348196,0.02976606596216223,ok
696263,0.8-1.0,5,0.915,2025-12-02T12:00:00Z,2025-12-01,2025-12-02,142,0.002321775371787033,0.9870981040989066,0.031769572646301675,ok
697446,0.8-1.0,5,0.925,2025-12-03T21:01:00Z,2025-12-03,2025-12-04,143,-0.0015481160757783673,1.0371673737270066,0.016094626415189814,ok
697447,0.8-1.0,5,0.93,2025-12-03T21:05:00Z,2025-12-03,2025-12-04,143,0.0019791123778601593,1.3544907559082489,0.027641851936175143,ok
697448,0.8-1.0,5,0.8300000000000001,2025-12-03T11:30:00Z,2025-12-02,2025-12-03,142,0.001665046683830722,0.6139945113406557,0.025598777173940733,ok
697451,0.8-1.0,5,0.915,2025-12-03T11:55:00Z,2025-12-02,2025-12-03,142,8.841159010238345e-4,1.5852498578070402,0.029595317942368398,ok
697452,0.8-1.0,5,0.925,2025-12-03T12:05:00Z,2025-12-02,2025-12-03,142,-0.0018708431039907787,1.1888186351677392,0.02104242993273988,ok
697462,0.8-1.0,5,0.92,2025-12-04T21:05:00Z,2025-12-04,2025-12-05,143,9.638989463492156e-4,1.711510742698993,0.01957357204111307,ok
697463,0.6-0.8,4,0.765,2025-12-04T11:50:00Z,2025-12-03,2025-12-04,142,0.0015774892555026423,-0.13312607414678498,0.022620444146027013,ok
697468,0.8-1.0,5,0.915,2025-12-04T21:10:00Z,2025-12-04,2025-12-05,143,-0.0012888741118678947,1.3942386524609744,0.028503946091509996,ok
697469,0.8-1.0,5,0.925,2025-12-04T21:00:00Z,2025-12-04,2025-12-05,143,1.3638391074965103e-4,1.6038097982070891,0.03092767829812041,ok
697470,0.8-1.0,5,0.976,2025-12-04T21:05:00Z,2025-12-04,2025-12-05,143,-0.0022453733903071886,1.3488393466444066,0.027198175205926323,ok
697471,0.6-0.8,4,0.605,2025-12-09T21:05:00Z,2025-12-09,2025-12-10,142,-0.0022181891923120853,1.1739071462121027,0.033700152090044726,ok
697472,0.8-1.0,5,0.902,2025-12-09T11:45:00Z,2025-12-08,2025-12-09,142,-6.797286393566387e-4,0.8060125668675695,0.01286453808591528,ok
697473,0.2-0.4,2,0.34500000000000003,2025-12-09T13:00:02Z,2025-12-08,2025-12-09,142,-8.752511834320885e-4,1.7243082637141083,0.026240882334629127,ok
697474,0.8-1.0,5,0.885,2025-12-05T12:00:00Z,2025-12-04,2025-12-05,143,0.002610978394261422,1.753216165588345,0.039168260867779574,ok
697475,0.8-1.0,5,0.89,2025-12-04T13:00:03Z,2025-12-03,2025-12-04,142,5.390190511004505e-4,-0.22774684579815307,0.01671015921843854,ok
697476,0.8-1.0,5,0.8250000000000001,2025-12-04T11:45:00Z,2025-12-03,2025-12-04,142,0.0016997976451767543,1.5282015747719333,0.03649881626702922,ok
697477,0.4-0.6,3,0.485,2025-12-04T21:05:18Z,2025-12-04,2025-12-05,143,1.0968049516902588e-5,0.6427824975350389,0.024431774105558753,ok
700377,0.8-1.0,5,0.87,2025-12-03T21:01:00Z,2025-12-03,2025-12-04,143,0.0033532821166182875,1.962329267284137,0.03335124809335281,ok
701948,0.6-0.8,4,0.765,2025-12-10T22:00:00Z,2025-12-10,2025-12-11,142,0.0033404756270099187,1.29423205297351,0.03930302821381527,ok
701950,0.6-0.8,4,0.68,2025-12-09T11:55:00Z,2025-12-08,2025-12-09,142,-2.7501442127736105e-4,0.19972047525660203,0.014264838211692488,ok
701955,0.8-1.0,5,0.895,2025-12-09T21:30:00Z,2025-12-09,2025-12-10,140,0.0010003523360856224,0.41185604811791743,0.016428798295948205,ok
701960,0.6-0.8,4,0.775,2025-12-10T12:05:00Z,2025-12-09,2025-12-10,142,-4.5850592491608106e-4,0.6460475622501857,0.02745335327840541,ok
701961,0.8-1.0,5,0.956,2025-12-10T21:05:00Z,2025-12-10,2025-12-11,142,-0.0017844309433580712,0.8399210874355376,0.015061232043399961,ok
701985,0.8-1.0,5,0.9535,2025-12-09T12:15:00Z,2025-12-08,2025-12-09,142,-0.002186060508164006,0.37253673804245585,0.016932295135324054,ok
701986,0.8-1.0,5,0.8150000000000001,2025-12-09T11:45:00Z,2025-12-08,2025-12-09,142,-2.8983550877457716e-4,1.8718715040439415,0.049608425354534066,ok
701987,0.4-0.6,3,0.42,2025-12-09T21:05:00Z,2025-12-09,2025-12-10,142,-0.0014531930133411107,1.1088198447219977,0.041102570752307895,ok
701993,0.8-1.0,5,0.905,2025-12-09T21:02:00Z,2025-12-09,2025-12-10,142,-0.0015294195059914176,0.9174744459528981,0.031219059730391064,ok
701994,0.8-1.0,5,0.845,2025-12-10T21:05:00Z,2025-12-10,2025-12-11,142,-0.00143410328415277,0.9803439438112609,0.01802399784984212,ok
703110,0.8-1.0,5,0.9755,2025-12-17T21:01:00Z,2025-12-17,2025-12-18,143,0.005663873833163751,2.009352247236395,0.025074680945740477,ok
703111,0.8-1.0,5,0.953,2025-12-17T12:00:00Z,2025-12-16,2025-12-17,142,-0.0018346838968660002,0.20904737134386778,0.012997844915974215,ok
703120,0.8-1.0,5,0.905,2025-12-18T11:39:00Z,2025-12-17,2025-12-18,142,-0.0026827052467926567,1.0460049679887289,0.014463027793622144,ok
703121,0.8-1.0,5,0.895,2025-12-18T21:15:00Z,2025-12-18,2025-12-19,143,NA,NA,NA,incomplete_event_window
703122,0.8-1.0,5,0.87,2025-12-18T21:07:00Z,2025-12-18,2025-12-19,143,NA,NA,NA,incomplete_event_window
703171,0.8-1.0,5,0.805,2025-12-18T12:00:01Z,2025-12-17,2025-12-18,142,-0.004331712877554104,0.5717523198514728,0.017393406096224633,ok
703172,0.4-0.6,3,0.53,2025-12-18T11:50:00Z,2025-12-17,2025-12-18,142,-0.005369244939041757,1.3370830517644123,0.024224897115971072,ok
703173,0.8-1.0,5,0.93,2025-12-18T13:30:00Z,2025-12-17,2025-12-18,142,-0.001792646831650865,0.6149350616614575,0.010607422821019043,ok
703174,0.8-1.0,5,0.895,2025-12-19T13:30:00Z,2025-12-18,2025-12-19,143,-0.0028272494290305784,0.6332574615486174,0.013631818037282811,ok
703175,0.8-1.0,5,0.8150000000000001,2025-12-19T13:30:00Z,2025-12-18,2025-12-19,143,-5.625724308963765e-4,0.981904878856304,0.02211932557270983,ok
703176,0.8-1.0,5,0.95,2025-12-19T13:30:00Z,2025-12-18,2025-12-19,143,-1.309029265309832e-5,1.9604406969566108,0.01852662785710662,ok
898889,0.8-1.0,5,0.9545,2025-12-11T21:15:00Z,2025-12-11,2025-12-12,143,0.002894491246529641,1.7604077652369472,0.02138215089940001,ok
899875,0.8-1.0,5,0.925,2025-12-11T21:00:00Z,2025-12-11,2025-12-12,143,-8.671410526888699e-4,0.4800664133419128,0.011227338731706853,ok
899876,0.8-1.0,5,0.954,2025-12-11T21:06:00Z,2025-12-11,2025-12-12,143,-0.005619111344312234,1.4100047377322227,0.029038858348457857,ok
899877,0.4-0.6,3,0.48,2025-12-11T21:46:00Z,2025-12-11,2025-12-12,143,-0.004679274212526018,2.8731689943450203,0.03351597796635621,ok
899879,0.8-1.0,5,0.855,2025-12-16T21:30:00Z,2025-12-16,2025-12-17,143,-1.563724367133341e-4,0.8091213617786008,0.020529836055897636,ok
899880,0.6-0.8,4,0.605,2025-12-18T21:10:00Z,2025-12-18,2025-12-19,143,NA,NA,NA,incomplete_event_window
899881,0.6-0.8,4,0.745,2025-12-19T12:30:00Z,2025-12-18,2025-12-19,143,-0.0034375162157846526,0.2660220715767989,0.015289524528265451,ok
973541,0.8-1.0,5,0.8150000000000001,2026-01-07T21:15:00Z,2026-01-07,2026-01-08,142,-0.0012011814389482065,1.965662232739968,0.020473065598479976,ok
973542,0.8-1.0,5,0.868,2026-01-08T21:05:00Z,2026-01-08,2026-01-09,115,NA,NA,NA,too_few_estimation_obs
